Unnamed: 0,Unnamed: 1,Unnamed: 2,Unnamed: 3,Unnamed: 4,Unnamed: 5,Unnamed: 6,Unnamed: 7,Unnamed: 8,Unnamed: 9,Unnamed: 10,Unnamed: 11,Unnamed: 12,Unnamed: 13,Unnamed: 14,Unnamed: 15
97,Inactivo ,Edith Eugenia Fagundez Bello,8738652,0416-4167698,edisaybello@gmail.com,San Martín,8/23/1965,Secretaria,UCV Facultad Medicina Salud Pública,1/19/2019,1/31/2019,,4,,Se le ofreció realizar entrevista jueves 31 pero Karina no asistió entonces ese día dio apoyo en Enlace. dice que no le fue bien. cuando se le realizó la entrevista. dijo que fue muy fuerte. pero inisitió que quería volver. Inició el 16/02/19. realizó apoyo en jornmada de salud. fue dos veces y luego en Junio 2019 escribió que no quería seguir de voluntaria en Bambi
98,Inactivo ,Emma Ching,9119143,0426-3865771,luz441@hotmail.com,La Candelaria,11/28/1963,Lic. Administración Mención RRHH. Experiencia en Docencia,Ministerio Del Poder Popular Para La Defensa. Analista De Recursos Humanos,2017-01-07 00:00:00,2017-04-08 00:00:00,,2,Ayuda con los niños,Inicia el Viernes 04 de Agosto
99,Inactivo ,Enyerling Mendoza,27319956,0212-8626043,enyerlingmendoza2@gmail.com,Gato Negro. Catia,1999-12-02 00:00:00,Estudiante UCAB,,2020-02-15 00:00:00,2020-02-27 00:00:00,,10,,
100,Inactivo ,Erika López ,23950377,0414-2221019,erikalopezg@gmail.com,Calle Real de los Cortijos de Sarria,1994-03-03 00:00:00,Estudiante de Sociología UCAB,,2017-02-09 00:00:00,10/14/2017,,,Clases de inglés y otro apoyo para adolescentes,Envíó correo 25/09/17 con planilla y recaudos.Referencias OK. Confirmará que actividad desea apoyar. (hija de la tia Lisset adolescentes) sin asistencias registradas 
101,Inactivo ,Estefani Silva,27.834.363   ,0414-2021253,estefanisilva653@gmail.com,Av. Oeste 13. parroquia Altagracia,1998-05-17 00:00:00,Medico Cirujano,MPPS. Ambulatorio “Santa Capilla”  ,2023-05-06 00:00:00,2023-12-01 00:00:00,2,12,,
102,Inactivo ,Evelyn Gutiérrez,12916058,0212-2844195 0412-2563511,evelyn.gutgo@gmail.com,Los Palos Grandes,1976-08-16 00:00:00,Traductora alemán,Bienes Raíces,11/29/2018,3/29/2019,,11,Apoyo general,activa pero tiene tiempo que no apoya
103,Inactivo ,Fabiola González ,24759572,0412-8096914,feimusic08@gmail.com,Los Teques,1996-08-25 00:00:00,Estudiante Comunicación Social UCAB,,9/21/2018,11/30/2018,,5,Apoyo en el área A y B,Realizó Servicio Comunitario UCAB
104,Inactivo ,Federica Roo,30124936,0414-2784292,federoomc@gmail.com,El Rosal,,Estudiante,,10/07/2021 LS,2022-05-16 00:00:00,,2,,"Se fue del pais, Realizó Labor Social Colegio Cristo Rey - Altamira, fecha de nacimiento ilegible"
105,Inactivo ,Francenia Maria Toro Oropeza,27050063,0424-6864701,francet873@gmail.com,Los Dos Caminos,2000-01-17 00:00:00,Estudiante Universidad en Falcón que se iba a cambiar para Caracas,,2018-01-25 00:00:00,2018-03-08 00:00:00,,5,,Envío Planilla y Recaudos. referencias OK. Entrevista Ok. Inició vino 3 veces y no volvió. Es una estudiante de Falcón que estaba cambiandose a estudio en caracas. probablemente se complicó. No respondió email consultando
106,Inactivo ,frida montesinos,14118411,0424-1683087,fridamontesinos@hotmail.com,El Hatillo,1978-05-04 00:00:00,Admistradora,Cuenta Propia,2021-01-09 00:00:00,2021-05-31 00:00:00,,4,,
107,Inactivo ,Gabriela Cuyuche,25418227,0424-2673037,gabriela.cuyuche21@gmail.com,La Candelaria,8/21/1996,Estudiante de Medicina,,2017-01-07 00:00:00,2017-08-21 00:00:00,,3,,Esta chica participó en eventos Casa de Tejas en Bambi 3. Entregó Planilla y Recaudos. Se verificó referencia después de varios intentos. 16/08/17. Inicia el Lunes 21/08 pero su apoyo será los sábados
108,Inactivo ,Gabriela Mastrangelo,21.049.941 ,412-8500681,gabrielamastrangelo.gm@gmail.com,Macaracuay,1993-10-30 00:00:00,Odontologo      ,,2022-11-12 00:00:00,2022-12-22 00:00:00,,2,,
109,Inactivo ,Georgina de Uzcátegui,6398512,0424-1794373,giorgina.kasnalder@gmail.com,Los Chorros,1963-08-06 00:00:00,Ingeniero Químico. Diseñadora Comercial,,5/27/2019,2019-06-10 00:00:00,,4,,
110,Inactivo ,Gilmar Aguada,27798858,0414-2527684,gilmar.willmary01@gmail.com,El Paraiso,2000-01-02 00:00:00,Trabajo Social UCV,,7/28/2018,2018-08-19 00:00:00,7,71,Apoyo con los ninos,activa pero no va mucho
111,Inactivo ,Gloria Colon,16671142,0412-0269925,gloriacl2000@gmail.com,San Bernardino,1983-07-25 00:00:00,Docente educacion inicial,Docente Colegio público,2023-08-19 00:00:00,2023-09-20 00:00:00,2,36,,Apoyo area pedagogica bambi enlace
112,Inactivo ,Gloria Osorio,15207019,0412-6363680,oiroso1954@gmail.com,Avda. Sucre de Catia,1954-11-14 00:00:00,Aux. Contabilidad. Reflexóloga,Independencia,2019-09-07 00:00:00,2019-09-23 00:00:00,,46,preescolar,Voluntaria Salesiana. se fue a vivir a Margarita
113,Inactivo ,Glorisbeth Torrealba Coronel,24455427,0414-9234750,glorismtc@gmail.com,Charallave,1995-12-30 00:00:00,Transcriptora,SENAMEF- Coord. Antrop. Forense,2022-11-12 00:00:00,2022-12-15 00:00:00,,3,,
114,Inactivo ,Iliana Cañizalez,28136066,0412-3877718,ilianacañizalezb@gmail.com,Guarenas,2001-05-08 00:00:00,Bachiller,,2018-06-09 00:00:00,6/21/2018,,10,,
115,Inactivo ,Isabel Machado,14261130,0416-8113611,andromedailm@gmail.com,Las Nayas. Las minas de Baruta,1980-12-27 00:00:00,Ingeniero Mecánico. área de aire acondicionado,,2017-02-01 00:00:00,3/18/2017,,2,,Entregó Planilla Voluntario Digitalizada Marzo 2017. se retiró a finales de 2017 porque momento. su esposo se fue del pais y ya no tienen el tiempo disponible para voluntariado. Envía correo 3 dic que desea retomar y retoma el 15 dic
116,Inactivo ,Isabel Pantin,25939953,0412-3424545,isabelpantin01@gmail.com,La Castellana,1997-10-01 00:00:00,Estudiante Psicología UNIMET,,1/19/2019,1/28/2019,,2,,
117,Inactivo ,Isabella Mazza,26966882,0412-0257305,isa_mazza98@hotmail.com,El Marqués,8/31/1998,Estudiante Psicología,,2018-09-21 00:00:00,9/28/2018,,3,Apoyo en el área A y B,Realizó Servicio Comunitario UNIMET
118,Inactivo ,Isabella Morillo,29536703,0424-2870534,imorillo82@gmail.com,Urb. El Cigarral,2002-08-02 00:00:00,Estudiante,No se indica,5/17/2018,9/15/2018,,9,,
119,Inactivo ,Ivana Avendaño,19692789,0414-2671271,ivanaavendano2@gmail.com,Chuao,1992-03-21 00:00:00,Estudiante Educación UNIMET,,2021-01-09 00:00:00,2021-02-14 00:00:00,,1,,
120,Inactivo ,Jean Carlos Carrero,22027749,0414-1231601,jeankrushmusic@gmail.com,San Bernardino,1994-12-17 00:00:00,Estudiante Ingeniería UCV,Cantante,10/21/2018,2019-01-02 00:00:00,6,62,Preescolar,hizo SC Ing UCV se quedó como voluntario muy activo. pero aunque esta en el chat activo no ha vuelto. supongo la rutina
121,Inactivo ,Jennifer Malavé,24740499,0412-2932846,jenn061996@gmail.com,Petare,1996-01-06 00:00:00,Estudiante,,25/9/2021 (SC),2022-07-22 00:00:00,,3,,
122,Inactivo ,Jennifer Mogollon,24656550,0414-2762016,jennifer.mogollon@correo.unimet.edu.ve,Palo Verde,1995-08-31 00:00:00,Estudiante Ingeniería Civil UNIMET,,2021-05-01 00:00:00,2021-07-05 00:00:00,,12,,activa. pero va poco
123,Inactivo ,Jesús Benavides,Colombiano,573002636177,jedabemo@hotmail.com,Calle 25 A # 27-101 Av. Las Peñitas. Sincelejo,12/25/1995,Estudiante de Administración de Empresas – Universidad De Sucre,,2018-01-11 00:00:00,2018-01-15 00:00:00,,10,Actividad con preadolescentes varones,AIESEC. Colombia
124,Inactivo ,Jesús Orlando Parada González,6185249,0414-2851292,irpame99@gmail.com,San Martin,1963-09-15 00:00:00,Inspector de Riesgos/Docente,Libre ejercicio,2023-11-18 00:00:00,2023-12-18 00:00:00,,3,,
125,Inactivo ,Jeymar Rodríguez,20362644,0424-2711342,jeymarr_48@hotmail.com,Prados del Este. Municipio Baruta,1991-04-08 00:00:00,TSU en Administración. Estudiante Economía,Bancrecer. Analista Junior,2017-05-20 00:00:00,2017-07-22 00:00:00,,6,,Envió Planilla y recaudos . Informó por correo que su primera experiencia habia sido buena. pero que iría quincenal por la situación país
126,Inactivo ,Jhorleikys Silva,20976570,0414-9080228,jhorleikys_jssd@hotmail.com,Los Magallanes de Catia,1994-06-07 00:00:00,Estudiante,,4/28/2018,5/19/2018,,2,Apoyo con los niños,Exvoluntaria que desea retomar voluntariado. no se tiene planilla en nuestros registros. Envío Planilla y recaudos 30/04/18. Entrevista 03/05/18. Inicia el 19 de Mayo Enlace. Fue un par de veces y no ha vuelto más
127,Inactivo ,Jhulia Viveiros,28447234,0414-7240639,viveirosjhulia5588@gmail.com,La Vega,2002-07-01 00:00:00,Estudiante,No se indica,10/19/2019,2019-11-11 00:00:00,,5,,
128,Inactivo ,Johana Parra,27659704,0414-2463820,parrak868@gmail.com,Santa Eduviges,2001-06-30 00:00:00,Agente de ventas,,2021-01-09 00:00:00,2021-01-17 00:00:00,,1,,
129,Inactivo ,José María Bega,Pasaporte: AAG3212442,(54)923-52544592,Josebega04@gmail.com,Buenos Aires,1994-05-01 00:00:00,Prof. Educación Física,Preparador Físico - Club Atlético River Plate,2020-12-26 00:00:00,2020-12-27 00:00:00,,5,Bambi 3 y Bambi Enlace,Juego y cuidado de los niños
130,Inactivo ,Joselin Pérez,28331911,0424-1837364,joselin1804@hotmail.com,San Agustín Norte,2002-10-04 00:00:00,Estudiante de Bachiller Cristo Rey,,7/30/2018,7/31/2018,,1,Apoyo área A y B,Realizó Labor Social Cristo Rey
131,Inactivo ,Juan Carlos Laca,12544097,0414-1124139,juancarloslaca@gmail.com,Prados del Este,4/22/1983,Comerciante,Trabaja por su cuenta Sistema de cerco eléctrico,9/22/2018,2018-10-10 00:00:00,,19,Apoyo general,
132,Inactivo ,Kenia Graterol,24272036,0424-1680202,graterolkenia1@gmail.com,Guatire,1966-04-08 00:00:00,Abogada,Independiente ,2023-11-18 00:00:00,2023-12-18 00:00:00,,4,,
133,Inactivo ,Kirtheyed Piña,25771386,0414-3103007,delvallecalatrava@gmail.com,El Valle ,1996-03-02 00:00:00,Traductora. asistente virtual. edicióndefotos,Enlinea.freelancer.,2022-07-30 00:00:00,2023-04-05 00:00:00,,9,,se fue del pais
134,Inactivo ,Laura Pita,23689397,0424-1803765,laurapitad@gmail.com,Quinta Crespo,1995-11-08 00:00:00,Estudiante UCV Ciencias,,2021-07-10 00:00:00,2022-02-08 00:00:00,,1,,Realizó Servicio Comunitario UCV Ciencias
135,Inactivo ,Lennys Lurua,14574906,0414-1192741,Lennyslurua@gmail.com,La Candelaria,10/27/1980,Lic. Trabajo Social,Invedin /UCV,2017-02-09 00:00:00,10/20/2017,,,Dirección Sociolegal Bambi 4,"Envío planilla y recaudos 27/09/17 referencias OK. Tuvo reunión el 6 octubre con Dayany para cuadrar apoyo, sin asistencias registradas"
136,Inactivo ,Ligia de Redondo,6931252,0414-3196727,ligiaredondo@gmail.com ,Sebucán,1966-03-16 00:00:00,Lic. Administración,Director,2021-01-09 00:00:00,2021-02-05 00:00:00,,7,,
137,Inactivo ,Lorena Gonzalez,22029598,0426-8104752/0416-9372840/0212-4157580,lorena10394@gmail.com lorena-10-love@hotmail.com,Avda. Sucre. Catia,1994-03-10 00:00:00,Estudiante,,06/09/2018 (SC),2021-11-17 00:00:00,,2,,Realizó Servicio Comunitario UCV Sociología
138,Inactivo ,Luis Bracamonte,26510222,0414-2438510,luisbracamonte.9818@gmail.com,Guatire,1998-10-08 00:00:00,Pasante,Empresas Polar,2020-02-15 00:00:00,2020-02-28 00:00:00,,4,,
139,Inactivo ,Luis Miguel Rodríguez Cortez,21257524,0414-7276874,luisrdrgz688@gmail.com,Los Valler del Tuy,8/24/1994,Estudiante de Ingenieria Maritima,,4/28/2018,2018-05-15 00:00:00,,2,Apoyo general,Fue a Bambi Enlace y Bambi 3. pero no volvió más. Amigo de Jhorleikys Silva (voluntaria que vino un par de veces)
140,Inactivo ,Luz Marina Costero,6661195,0412-6141127,costeroluzmarina@gmail.com,Petare,1970-03-19 00:00:00,Vendedora Independiente,Vendedora Independiente,7/28/2018,8/24/2018,,15,,"estuvo activa… escribio para retomar, en dos oportunidades planificó pero no ha asistido."
141,Inactivo ,Lysmar Sánchez,16202314,0412-9297007,lysmar84@gmail.com,El Valle,8/13/1984,Economista,Fodenarca Especialista,7/27/2019,8/15/2019,,3,,
142,Inactivo ,Magda Patricia Jaramillo,10816501,0412-5551412,magda_patriciaj@hotmail.com,San Román,8/14/1960,Contador,Arcantara & Trujillo & Asoc.,7/27/2019,2019-05-10 00:00:00,,1,,
143,Inactivo ,Mageordith La Cruz,15338084,0414-1634684,mageordithlacruz@gmail.com,La Urbina,1981-07-23 00:00:00,Terapeuta,Independiente,10/19/2019,1/14/2020,,6,,
144,Inactivo ,Maloa Figueroa,26352085,0424-1737889,keliamaloa@gmail.com,La Candelaria,1996-09-10 00:00:00,Estudiante,,10-07-2021 Estudiantes,2022-01-21 00:00:00,3,48,Realizó Servicio Comunitario - UCV Admiistración,activa
145,Inactivo ,María Antonieta Borges,14155434,0414-1973916,maryantob@gmail.com,Charallave – Ocumare,1980-10-17 00:00:00,Comerciante,Frigorífico El Grill del Centro C.A.,2021-07-07 00:00:00,2021-10-14 00:00:00,,7,,activa. pero se le complica mucho subir de charallave…
146,Inactivo ,María Daniela Garcés González,27450049,0426-5193340,maria.daniela.garces@gmail.com,Avda. La Salle La Colina,1998-09-21 00:00:00,Estudiante,,25/09/2021 (SC),2022-06-24 00:00:00,,3,,Realizó Servicio Comunitario UCV Psicología
147,Inactivo ,María del Carmen García Márquez,25880512,0414-5982060,mariiiadelcarmen60@gmail.com,La Pastora,1997-05-15 00:00:00,Estudiante Fisioterapia,,2017-04-11 00:00:00,2017-09-12 00:00:00,,6,Ayuda con los niños,Realizó una actividad con las adolescentes en Agosto 2018. Pero a Bambi 3 no ha vuelto desde Mayo 2018. ella estudia en Valencia y apoyo cuando se le abre la posibilidad
148,Inactivo ,María Elisa Tovar,23692948,0414-3566184,maelisatrz@gmail.com,Colinas de Los Ruices. Calle Saltrón. Quinta ÑaCamucha,1994-06-10 00:00:00,Estudiante de Ing mecanica USB,,3/17/2018,4/16/2018,,1,Clases matemáticas,Realizó dos clases se le echó a perder el carro. nunca más volvió. No contestó correo cuando se solicitó apoyo para exámenes de reparación
149,Inactivo ,Maria Eugenia Prieto,3838988,0212-5511398 / 0416-7224703,meprietomanzo@gmail.com,San Bernardino,2/21/1954,Arquitecto retirado,,2015-01-01 00:00:00,2015-01-01 00:00:00,,103,Lectura a los niños,Se propuso atender individualmente a Luis angel semanalmente. Realiza actividades de lectura individual con varios niños que va rotando. Viene generalmente los días Jueves en la tarde
150,Inactivo ,María Fernanda Terán Sánchez,15605356,0424-2166194,maria.teran052@hotmail.com,El Marques,1982-09-05 00:00:00,TSU Contaduria ,independiente ,2023-11-18 00:00:00,2023-12-19 00:00:00,,1,,
151,Inactivo ,María Gabriela Díaz Martínez,24218657,0414-9013794,mariagdiaz10@gmail.com,Las Acacias,1996-05-19 00:00:00,Estudiante de Ingenieria Industrial,,7/30/2018,7/25/2018,,13,Apoyo con los niños,Inició en Programa Au Pair y se quedó como voluntaria. se fue del pais
152,Inactivo ,María Lucía Sousa,14139416,0412-6284628,anastacia1922@gmail.com,Colinas de Bello Monte,1965-06-07 00:00:00,Contador Publico,Corpoelec,2/17/2018,3/23/2018,,18,Preescolar,Se le entregó el 17 mayo 2018 constancia de voluntariado para que pueda tener permiso en Corpoelec y pueda apoyarnos. Realizó voluntariado Mayo y Junio. pero debe volver a trabajar en Julio. nos avisa cuando puede retornar
153,Inactivo ,María Victoria D'Alto,28084431,0414-4212464,mariadalto27@gmail.com,Montalbán I,2000-10-24 00:00:00,Estudiante UCAB RRII,,2021-01-30 00:00:00,2022-03-19 00:00:00,,17,,se fue del paIs
154,Inactivo ,Marian Cots,31065441,0424-2265892,marianacots273@gmail.com,Valle Arriba ,2006-01-03 00:00:00,Estudiante Universitario,,2023-02-04 00:00:00,2023-02-23 00:00:00,,3,,se fue del pais
155,Inactivo ,Marylú Vásquez,12562616,0416-4090908 / 0424-2079812,marylu.vasquez2@gmail.com,El Junquito,1975-08-08 00:00:00,Supervisor Instituciones Financieras,SUDEBAN,2/16/2019,2019-06-04 00:00:00,,2,Apoyo general,vino una vez y no volvió más
156,Inactivo ,Maxiobel Quintero,19351172,0412-0801472 ,maxiobelq@gmail.com,La Vega,2/14/1989,Diseñadora Gráfica,,2017-03-17 00:00:00,2017-04-02 00:00:00,,3,Apoyo área A y B,Comenzó en Abril. fue un par de veces y no volvió. Se fue del país según correo Julio 2017
157,Inactivo ,Mayori Fuentes,11924932,0412-6024133 / 0412-2431569,marori.fuentes@gmail.com,Charallave,1975-11-21 00:00:00,Consultora de Gestión Humana,,2020-02-15 00:00:00,2022-05-28 00:00:00,,8,,
158,Inactivo ,Micaela Lastra,106821093,+593 97 985 5805,micaela.lastra@ucuenca.edu.ec,Pumapungo y Calle del retorno,3/24/1996,Estudiante de Derecho,,2018-01-08 00:00:00,2018-08-02 00:00:00,,8,Ofrecío apoyo general en ambas casas de manera frecuente de Lunes a Viernes de 8 a 2:00 pm,Culmino el 27/08/2018
159,Inactivo ,Michell Samper,25639726,414-9101202,  michellsamper@gmail.com,Santa Mónica,1996-05-11 00:00:00,  Docente,Independiente,2022-11-12 00:00:00,2022-12-15 00:00:00,,2,,
160,Inactivo ,Middalia Manjarres,13617533,0424-1656413,middalia.manjarres@gmail.com,El Paraíso,1981-09-17 00:00:00,Contador Público,Libre Ejercicio de la Profesión,2022-04-30 00:00:00,2022-05-10 00:00:00,,8,,
161,Inactivo ,Miriely Diaz,15779614,0414-3836709,mirielydz@gmail.com,La Candelaria ,1980-09-22 00:00:00,Administradora ,Biblioteca Nacional,2023-08-19 00:00:00,2023-08-31 00:00:00,,5,,"Se mudó a Guarenas, se le ha dificultado realizar voluntariado."
162,Inactivo ,Nicole Gabriela Barreto García,28014458,0424-1994110,nicoleb11@hotmail.es,Guarenas,2000-11-11 00:00:00,Estudiante Colegio Monseñor de Unda. 5to año,,5/20/2017,2017-03-06 00:00:00,,9,Apoyo área A y B,Entregó Planilla y recaudos comenzó en Junio 2017. Menor de edad. Representante. Yolmar iliana García Bustamante 04142616199 yolmargarciab@hotmail.com
163,Inactivo ,Nicolle Paola Rivas Navas,26911692,0426-1119021,nocopaom99@gmail.com,Altagracia,1999-06-09 00:00:00,Estudiante de Psicologia Ucab,,2018-02-17 00:00:00,2018-02-28 00:00:00,,14,Apoyo preescolar,estaba como loca por ser voluntaria…y derrepende desapareció y no explicó porque. en Septiembre informó que por problemas de Transporte no podía continuar por el momento
164,Inactivo ,Noemí Ramírez Paredes,12905884,0416-9105106/0212-9623961,noemi_76@outlook.com,La Limonera. Baruta,1/22/1975,Modista,,2017-10-07 00:00:00,1/22/2017,,6,Apoyó en clases costura para adolescentes,Fue tres semanas. no volvió. no contesta mensajes ni correos
165,Inactivo ,Olga Ramírez,4823239,0416-4235379,obrg1905@hotmail.com,El Paraiso,1956-05-19 00:00:00,Lic. en Relaciones Industriales y Pedagoga,Docente Jubilada,11/29/2018,2/22/2019,,1,Preescolar,Fue 2 veces y no fue como ella esperaba. luego no volvió
166,Inactivo ,Oriana del Carmen Cervantes,25641627,0424-1943452,orianacervr95@gmail.com,La Tahona,1995-05-09 00:00:00,Estudiante UCV,,6/21/2018,3/13/2019,,1,,
167,Inactivo ,Oriana Gabriela Rosas Parada,22751591,0412-2164102 / 0426-5169989,OrianaRosas94@hotmail.com,Montalbán,4/30/1994,Abogada,Taxand Consultores. C.A,2017-05-20 00:00:00,2017-06-18 00:00:00,,12,,Entregó Planilla y recaudos comenzó en Junio 2017. Fue muy irregular. pero informó el 31 oct que retomaría el apoyo semanal
168,Inactivo ,Osmaida Pérez,31186518,0414-2479311,perez.osmaida@gmail.com,Guarenas,1969-11-07 00:00:00,Trabajadora social - Comerciante Indep.,Home Office,2021-05-01 00:00:00,2021-06-11 00:00:00,,19,,
169,Inactivo ,Pedro Segundo Tovar Morales,6821625,0412-6204627,PTOVAR@bcv.org.ve,Colinas de Bello Monte,1965-01-12 00:00:00,Contador Público,Gerente de FinanzasBanco Central de Venezuela,10/22/2018,2018-01-12 00:00:00,,1,General,Esposo de María Lucía Sousa
170,Inactivo ,Raquel Corro,84005898,0426-2136205,raquel_corro@hotmail.com,Av. Presidente Medina,12/25/1992,Estudiante Derecho UCAB,,2017-01-03 00:00:00,2016-07-20 00:00:00,,12,,Es novia de Jesús Vergara Servicio Comunitario da clases matemática a los adolescentes. Ella ofreció querer trabajar en el área legal se le pasó informacióna Dayany.  Ella nos apoyó hasta Mayo y luego informó que estaba en exámenes y luego se iba a casar. No sabía si retomaría
171,Inactivo ,Raquel González,20392904,0424-5949804,rgoc2422@gmail.com,El Llanito,1990-04-06 00:00:00,Estudiante Ingeniería UNIMET,,1/19/2018,1/21/2018,,2,General,Realizó Servicio Comunitario con el Programa de Prosociales de la UNIMET Enero a Junio 2018
172,Inactivo ,Rocio le Grand-Borda Marquillo,Pasaporte: DMLOKB575,0412-6073000,rociocarmen2@hotmail.com,Altamira,1963-10-30 00:00:00,Esposa Diplomático Embajada Países Bajos,,2017-08-09 00:00:00,2017-06-15 00:00:00,,8,,Federíca la trajo por primera vez. 
173,Inactivo ,Rosany Zurita,30346855,0424-1995594,rosythairyzr202@gmail.com,El Paraiso,2002-08-06 00:00:00,Estudiante,,10/19/2019,2020-10-01 00:00:00,,11,,
174,Inactivo ,Sandra Campos,9965695,0412-9965699,sandyc40@hotmail.com,La Candelaria,1969-05-29 00:00:00,Psicologa,Cines Unidos,4/28/2018,2019-12-01 00:00:00,,43,General,activa. va poco
175,Inactivo ,Sarah Jeritson,27130607,0414-9905433,sarahjeritson@gmail.com,El Cigarral,1999-08-31 00:00:00,Estudiante Administración UCAB,,25/09/2021 Estudiantes,26/10/2021 SC UCAB,,3,,
176,Inactivo ,Saray González,19638260,0424-2801063,gonzsaramar@gmail.com,Los Rosales,6/29/1989,Licenciada en Educación Integral,Policlínica Metropolitana - Auxiliar Fisioterapia,10/19/2019,2019-11-11 00:00:00,,2,,
177,Inactivo ,Shakira Cruz ,29779997,0412-3976800,slove9780@gmail.com,23 de enero,2001-11-17 00:00:00,Estudiante de Derecho ,,04/03/2023 (estudiantes) ,2023-09-20 00:00:00,,2,,
178,Inactivo ,Sharom Kuzniar,26078504,0414-2922335,sharomkuzniar@gmail.com,Los Teques,1997-11-03 00:00:00,Estudiante Comunicación Social UCAB,,9/21/2018,2018-01-12 00:00:00,,2,Apoyo en el área A y B,Realizó su servicio comunitario UCAB y quedo como voluntaria
179,Inactivo ,Sofía Márquez,27007977,0424-2095144,sofimarquezmeyer@gmail.com,Prados del Este,8/25/1999,Estudiante UNIMET,,4/27/2019,5/22/2019,,3,,
180,Inactivo ,Sonnia Atencio J.,18381140,0424-6110589,sonniatencio@hotmail.com,El Paraiso,1986-02-11 00:00:00,Estudiante Comunicación Social UCAB,,7/28/2018,8/19/2018,,5,Apoyo con los ninos,Envió mensaje Junio 2019 que se retira de voluntariado. se va del país
181,Inactivo ,Sugey Lezama,15133568,0414 2415651,sugeylezama@gmail.com,Palo Verde ,1980-05-08 00:00:00,Administradora,Coordinadora de RRHH- Destileria Carupano,2023-02-04 00:00:00,2023-02-17 00:00:00,,3,,activa
182,Inactivo ,Sui Lam Hung (Walter),K04568166,+852 5118 8218,1155110985@link.cuhk.edu.hk,"En Vzla: Conjunto Residencial Parque Carabobo Plaza. 11-
D-1. Parque Carabobo",12/18/1997,Estudiante Ingeniería,,6/28/2019,2019-01-07 00:00:00,,30,,
183,Inactivo ,Susanna González Urbina,26284593,0414-0320854,susannaperiodismo@gmail.com,El Cementerio,5/16/1997,Estudiante Comunicación Social UCAB,,7/28/2018,8/19/2018,,6,Apoyo con los niños,Realiza el apoyo los días Domingo en jornada de 7 horas
184,Inactivo ,Valeria Alexandra Rodríguez Ruíz,24464433,0426-4128837,valeriarruiz04@gmail.com,Colinas de Los Ruices. Calle Saltrón. Quinta ÑaCamucha,1994-04-12 00:00:00,Estudiante Universidad Alejandro de Humboldt,,2/17/2018,2018-10-03 00:00:00,,18,Apoyo Área A,Al iniciar vino varias veces por semana. No indicaba los días que vendría. Se apegó con una bebé del área A. Solicitó ser madrina y se le dijo que la niña no estaba para el Programa Padrino. Luego de esto no volvió con frecuencia. Se le envió correo luego que no volvió y no apareció.
185,Inactivo ,Valeria Porcarello Álvarez,26452652,0414-4863895,valeporcarello@gmail.com,Los Palos Grandes,10/30/1998,Especial,Especial,1/19/2019,2019-01-03 00:00:00,,2,Apoyo general,Amiga de Andreina Fantes
186,Inactivo ,Vanessa Alexandra Maita Pernía,18912922,0414-2819407,jonangely180806@gmail.com,Gato Negro,31/06/2000,TSU Administratción,Banco Bicentenario,2019-01-02 00:00:00,2019-01-11 00:00:00,,6,,ella trabajó en Bambi Enlace y se quedó como voluntaria. estuvo activa hasta hace poco. pero no volvio y se Salio del chat
187,Inactivo ,Vanessa Chang Molina,16094047,0414-2876550,vchm13@gmail.com,La Castellana,1981-04-13 00:00:00,Contador Público,Independiente,2022-01-22 00:00:00,2022-03-23 00:00:00,,10,,"Se mudó a Guatire, y se le ha dificultado realizar voluntariado."
188,Inactivo ,Vanessa Sangroni,13515321,4265150371,vanessasangroni@gmail.com,"Caraballeda, Vargas",1978-09-04 00:00:00,TSU en Mantenimiento Aeronautico,Mantenimiento Aeronáutico Controladora de Tránsito Aéreo,2023-11-18 00:00:00,2024-02-08 00:00:00,,2,Apoyo general,
189,Inactivo ,Veryerac Viera,24884847,0414-3992166,veryeracv@gmail.com,Avda. Lecuna,1/26/1996,Licenciada en Estudios Internacionales UCV,Firma de Abogados Hoer. Pelaez. Castillo & Duque - Asistente Junior,10/19/2019,2019-07-11 00:00:00,,7,,
190,Inactivo ,Wendy Chacón,26774501,0416-4090908,chaconwendy31@gmail.com,El Junquito,1996-02-11 00:00:00,Bachiller,,2/16/2019,2019-06-04 00:00:00,,2,,Hija de Marylú Vásquez. Es una joven con condición especial. Fueron una vez y no volvió más
191,Inactivo ,Xiomara Betancourt Contreras,10543509,0412-9942573-0212-2843280,xiomix8@hotmail.com,Los Palos Grandes,4/14/1971,Diseñadora Gráfica,,4/27/2019,6/29/2019,,30,,
192,Inactivo ,Yaireth Castro Fuentes,27309257,0424-2070726,yaireth.cas02@gmail.com,La Vega,10/21/1999,Bachiller,,1/25/2018,2018-06-02 00:00:00,,17,,Hija de tía del área A. Betsy Fuentes
193,Inactivo ,Yenialba del Carmen Alviares Rivero,23714304,0424-1168462 / 0426-2533999,alviaresyeni@gmail.com,La Candelaria,1995-01-02 00:00:00,Estudiante Comunicación Social UCAB,,2018-01-25 00:00:00,2018-01-29 00:00:00,,4,Apoyo en el area A y B,Realizó Servicio Comunitario UCAB y quedó como voluntaria
194,Inactivo ,Yoharelys Villafranca,18751173,0416-9270412 0212-6327531,villafrancaf@gmail.com,Avda. Victoria,1989-07-28 00:00:00,Contaduría. Fotografía,Play Full Agencia Digital,2021-01-09 00:00:00,2021-06-11 00:00:00,4,31,,"activa, realzando pasantías como Instructora de Yoga a trabajadores de Bambi hasta el 30/05/2024"
195,Inactivo ,Zenaida Rodríguez,6827251,0424-2213727 0212-7518778,zenarodcar@hotmail.com,San Bernardino,1962-05-03 00:00:00,Admistradora,Ferretería Ferresol. C.A.,2021-08-07 00:00:00,2021-10-09 00:00:00,,15,,esta activa. pero no ha ido mucho
196,Inactivo ,Zulay Guaramato,4433177,0212-5522425/0426-8297667,zulayguaramato@gmail.com,Cotiza,6/13/1953,Jubilada,,2/16/2019,2/18/2019,,37,Cocina y preescolar,se fue del pais
