Año,Estatus,Nombre y Apellido,Cédula de Identidad,Email,Teléfono,Fecha de Inducción,Colegio / Instituto,Carrera,Fecha de Inicio,Fecha de Culminación,Observaciones
2018,,Arianna Amaru La Rosa Hernandez,26089398,ariannalarosa97@gmail.com,4265105905,17/3/2018,CUC,,17/3/2018,,"SE RETIRÓ Dayani Sanchez informo que los estudiantes se retirarian, informacion dada por Prof. Keruan"
2018,,Frenesis Gabriela Barreto Requena,26995924,frenesisbarreto2015@gmail.com,4165372071,17/3/2018,CUC,,17/3/2018,,"SE RETIRÓ Dayani Sanchez informo que los estudiantes se retirarian, informacion dada por Prof. Keruan"
2018,,Kevin Eduardo Paez Ygarza,25258573,kevineduardopaez@gmail.com,4142794527,17/3/2018,CUC,,17/3/2018,,"SE RETIRÓ Dayani Sanchez informo que los estudiantes se retirarian, informacion dada por Prof. Keruan"
2018,Culminó,Barbara Reyes,23944407,barbara.reyes1202@gmail.com,4127915390,,UNIMET,estudiante de Psicologia,,4/7/2018,Entrego informe de cierre a Coordinación de Psicología
2018,,Renata Petrillo,23632865,renapetrillo@gmail.com,4142159973,,UNIMET,Estudiante Educación Inicial,27/9/2018,15/11/2018,
2018,,María Carolina Spuches Fuentes ,27053363,mariacspuchesf@gmail.co,4122874591,,UNIMET,Estudiante Educación Inicial,27/9/2018,15/11/2018,
2018,, Andreina  Chiarelli,26334140,andreinachiarelli@gmail.com,4265100301,,UNIMET,Estudiante Educación Inicial,27/9/2018,15/11/2018,
2018,Culminó,Alessandra Constantini,24901482,alessandracostantini95@gmail.com,4241785409,28/4/2018,UNIMET,Pasante Psicología,14/1/2019,5/4/2019,Estudiante realizó un trimestre de SC en Bambi Enlace de abril a Julio 2018.  Luego de concluida su pasantía se quedó trabajando en el dpto de psicología
2018,Culminó,Isabella Mazza ,26966882,isa_mazza98@hotmail.com,4120257305,21/9/2018,UNIMET,Psicología,21/9/2020,1/11/2020,realizó SC con Prof Magaly Couret 2018 y se quedó como voluntaria.Reconocimiento por apoyo comunitario destacado en 2020. Día de Voluntario 2020
2019,Culminó,Maitreya Morales,24899736,mai_treya@hotmail.com,4122132022,9/1/2019,UNIMET,Pasante Psicología,14/1/2019,5/4/2019,Estudiante hizo presentación de un caso ante los profesores de su escuela (ateneo)
2019,Culminó,Sabrina Di Cristanziano,28764876,dicristanziano@gmail.com,4241358211,27/4/2019,UNIMET,Pasante Psicología,2/5/2019,4/7/2019,Estudiante realizó un trimestre de SC en Bambi Enlace de abril a Julio 2019
2019,Culminó,Rebeca Abad,27401487,Rebeca.abad@correo.unimet.edu.ve,4141123789,27/4/2019,UNIMET,Pasante Psicología,2/5/2019,4/7/2019,
2019,iniciando,Karen Aldana,20912880,<aldanakaren777@gmail.com>,4241545233,7/9/2019,UNIMET,Tesis Psicología,,,
2019,iniciando,Whitney Garcia,22029356, <whitneygarcia.ts@gmail.com>,4142586726,19/10/2019,CUP,Psicopedagogía,13/11/2019,,apoya hasta abril 2020
2019,Iniciando,David Bellido,18466932,davidbellido16@hotmail.com,4141534225,7/11/2019,UCV,Psicología,1/11/2019,,
2019,en proceso,Whitney Garcia,22029356, <whitneygarcia.ts@gmail.com>,4142586726,19/10/2019,CUP,Psicopedagogía,13/11/2019,,apoyó hasta marzo 2020 y por pandemia se supendió reinicia el 29 octubre. Reconocimiento por apoyo comunitario destacado en 2020. Día de Voluntario 2020
2019,culminó,Estefanía Delgado Savelli ,25917216,estefaniadelgadosavelli@hotmail.com,4241999866,16/2/2019,UCAB,Relaciones Industriales,13/1/2020,1/6/2020,el 16/06/20 inicia como empleada luego de culminar su pasantia. Reconocimiento por apoyo comunitario destacado en 2020. Día de Voluntario 2020
2019,Culminó,Bárbara Garibaldi Castelo,25444449, Barbara93castelo@gmail.com,4242088512,16/2/2019,UCSAR,Comunicació Social,13/3/2020,10/4/2020,estudiante realizó SC en 2019. Realizó pasantía de manera virtual debido a la cuarentena. Organizó vía google drive las fotografías de todo Hogar Bambi. Se envío formato de evaluación vía virtual.
2019,culminó,David Bellido,18466932,davidbellido16@hotmail.com,4141534225,7/11/2019,UCV,Psicología,1/11/2019,1/2/2020,no se tiene reporte de culminación de esta pasantía se manejó directamente con María Alfonsina Sarramera la coordinadora de Psicología
2020,Culminó,Rody Arias,27314140,rodrigoalbertosegnini@gmail.com,4242290131,18/2/2020,UCAB,Ciencias Pedagógicas,26/5/2020,1/8/2020,no se tiene mayor detalle sobre esta pasantía. Estudiante ni tutor enviaron informe
2020,culminó,Francy González,26254637,francy.gonzalez@correo.unimet.edu.ve / francy_b98@hotmail.com,4242219868,9/1/2020,UNIMET,Psicología,15/1/2020,27/3/2020,"realizó SC con Prof Felipe Piñango 2019. Debido a la cuarentena por Pandemia, tuvo que culminar 2 semanas antes."
2020,culmino,Gabriela Escalona,26386892,gabriela.escalona@correo.unimet.edu.ve,04149278147,9/1/2020,UNIMET,Psicología,15/1/2020,27/3/2020,"realizó SC con Prof Magaly Couret 2018. Debido a la cuarentena por Pandemia, tuvo que culminar 2 semanas antes."
2020,puede iniciar,"RUTH BETZABETH CASTILLO UZCATEGUI, ",26619233,CASTILLORUTH63@GMAIL.COM,4242100705,21/11/2020,UNEXCA,,,,
2020,puede iniciar,"ARLYN SUSANA DIAZ ORTUÑO, ",21362435,LAINDIA.KILLER@HOTMAIL.COM,4163850472,21/11/2020,UNEXCA,,,,
2020,puede iniciar,"THALIA JANETH BRIONES VELEZ, ",25032915,BRIONESTHALIA63@GMAIL.COM,4142198984,21/11/2020,UNEXCA,,,,
2021,Culminó,Gabhy Yisdheilly Maita Guanchez,24896931,gabhymaita@gmail.com,4125964370,25/9/2021,CURMH,Fisioterapia,4/10/2021,9/11/2021,"estudiante que no acató normas, iba cuando quería "
2021,en proceso,Blas Enrique Pérez Blas Enrique,22031382,blassespinoza@gmail.com,4261125376,25/9/2021,CURMH,Fisioterapia,9/11/2021,,
2019,Culminó,Whitney Garcia,22029356, <whitneygarcia.ts@gmail.com>,4142586726,19/10/2019,CUP,Psicopedagogía,13/11/2019,27/7/2021,apoyó hasta marzo 2020 y por pandemia se supendió reinicia el 29 octubre. Reconocimiento por apoyo comunitario destacado en 2020. Día de Voluntario 2020
2021,en proceso,NAHOMI RUIZ,27127752, <nahomiruiz.37@gmail.com>,4268206006,27/2/2021,CUP,Psicopedagogía,1/11/2021,1/11/2021,debe enviar plan de apoyo para 2022
2020,puede iniciar,"RUTH BETZABETH CASTILLO UZCATEGUI, ",26619233,CASTILLORUTH63@GMAIL.COM,4242100705,21/11/2020,UNEXCA,,,,
2020,puede iniciar,"ARLYN SUSANA DIAZ ORTUÑO, ",21362435,LAINDIA.KILLER@HOTMAIL.COM,4163850472,21/11/2020,UNEXCA,,,,
2020,puede iniciar,"THALIA JANETH BRIONES VELEZ, ",25032915,BRIONESTHALIA63@GMAIL.COM,4142198984,21/11/2020,UNEXCA,,,,
2020,puede iniciar,"YESENIA KARINA URICARE RODRIGUEZ, ",26683385,KARINAURICARE@GMAIL.COM,4264186728,21/11/2020,UNEXCA,,,,
2020,falta firma carta lineamiento,"MILEIDY CHIQUINQUIRA GARCIA,",9766228,MILEIDYGARCIA29@GMAIL.COM,4267106891,21/11/2020,UNEXCA,,,,
2021,puede iniciar,"GLODULFO ANTONIO VIELMA CONDE,",20219216,ANTONIOVIELMA2018@GMAIL.COM,4120804202,7/1/2021,UNEXCA,,,,
2021,falta firma CI,"JEANKARIS MARIA HINDRIAGO GONZALEZ,",27624453,HINDRIAGOJ@GMAIL.COM,4149032352,7/1/2021,UNEXCA,,,,envió planilla sin copioa de CI y sin foto
2021,en espera de respuesta,Saraí Escalona ,28101724,sarai.escalona@correo.unimet.edu.ve ,4123741062,9/1/2021,UNIMET,Estudiante Psicología,18/1/2021,,luego del contacto en marzo 2021 no informaron sobre los avances. Se envió correo el 14/12/21 con copia a tutoras para saber estatus
2021,en espera de respuesta,Patricia Ortega,26472691,patricia.ortega@correo.unimet.edu.ve,4168331652,9/1/2021,UNIMET,Estudiante Psicología,18/1/2021,,
2021,culminó,María Alejandra Morgado Cusati ,21377180,<morgado.mariale@gmail.com>,4142059930,27/2/2021,UCV,Psicología,5/4/2021,9/7/2021,
2021,culminó,Vianca Andreina Mejias,25964718,<viancamejias@outlook.com>,04261602772 ,12/11/2021,CURMH,Fisioterapia,10/1/2022,,se le envió correo el 22/12/21 con datos Fisioterapeuta. Debe acordar los días y enviar archivo excel.
2022,se le envió lineamientos,José Fermín Gómez Hidalgo,13828544,Josefgh40@gmail.com,04126357525,8/9/2022,CURMH,Terapia ocupacional,7/11/2022,,estudiante fue postulado por el CURMAY el 13 julio pero no se tiene los datos de contacto aún para enviarle el proceso introductorio y planilla. Sería para iniciar en Oct 2022
2021,culminó,NAHOMI RUIZ,27127752, <nahomiruiz.37@gmail.com>,4268206006,27/2/2021,CUP,Psicopedagogía,1/11/2021,1/11/2021,envió plan de apoyo hasta 30 marzo 2022
2022,culminó,Daniela Manzur,27309671,m.daniela@correo.unimet.edu.ve ,4242275570,14/1/2022,UNIMET  ,Psicología,23/1/2022,1/4/2022,
2022,culminó,Cristina Elena Caballero Hernandez,27038619,<caballeroh.cristina@gmail.com>,4241806712,21/4/2022,UNIMET  ,Psicología,26/4/2022,8/7/2022,
2022,iniciando,Laura Victoria Rodríguez Larez,27346156,rodriguezlarez.laura@gmail.com,4242174269,16/9/2022,UNIMET  ,Psicología,26/8/2022,,
2022,iniciando,Andrea Reinoso Ramos,27295278,a.reinoso@correo.unimet.edu.ve,4242452909,20/9/2022,UNIMET  ,Psicología,23/9/2022,,
2022,culminó,Stephanie Andreina Cisneros Manaure,26619092,eladiamanaure28@gmail.com,04143127886,5/3/2022,UCV,,22/3/2022,,
2022,culminó,Anggelis Karina Suárez,15456561,anggelis.j@gmail.com,04241289449,5/3/2022,UCV,,22/3/2022,,
2022,Se espera autorización por la UCV,Edgar Larez,24699259,edgarbravo24@gmail.com,04121499314,16/7/2022,UCV,,,,"debe verificar con Dayany para acordar los días y la actividad, 3 de octubre ; en espera de autorización por la escuela de Trabajo socia, 6/2/2023"
2022,culminó,Deisys Karina Alfonso Villa,24459246, deyalfonso24@gmail.com,04129977498,28/3/2022,UCV,Psicologia ,,3/8/2022,
2022,culminó,Ana Carolina Azuaje Saavedra,17960376,acazuajes@gmail.com,04143725804,28/3/2022,UCV,Psicologia ,,3/8/2022,
2022,culminó,Catalina Carmela Corvo Di Sturco,6550791,catcorvo22@gmail.com,04143252945 ,28/3/2022,UCV,Psicologia ,,3/8/2022,
2022,iniciando o en proceso,Maria Lismar Garcia Ricart,23635757,Ricart.1093@gmail.com,04125943197 ,,UCV,Psicologia ,8/11/2022,,
2022,culminó,José Fermín Gómez Hidalgo,13828544,Josefgh40@gmail.com,4126357525,8/9/2022,CURMH,Terapia ocupacional,7/11/2022,,estudiante fue postulado por el CURMAY el 13 julio pero no se tiene los datos de contacto aún para enviarle el proceso introductorio y planilla. Sería para iniciar en Oct 2022
2023,Iniciando,Alejandro Cabrera ,6429465,<alejandrocab12@hotmail.com>,4164245219,19/10/2023,Seminario Evangélico de Caracas,pasante espiritual evangélico,24/10/2023,,Amigo de Erika Pardo. Reañizó propuesta hasta finales de diciembre y luego propone apoyo en Enero para el 2024
2023,culminó,Isabel Cristina García Pérez,24933241,isabel.garcia@correo.unimet.edu.ve,4142362773,29/4/2023,UNIMET,Psicologia,8/5/2023,7/7/2023,
2023,culminó,Mariangel Brazao,28317767,Mariangel.brazao@correo.unimet.edu.ve,4242448904,29/4/2023,UNIMET,Psicologia,8/5/2023,7/7/2023,
2023,culminó,Keily Johanna Mora Vasquez,25594691,keilyaps2517@gmail.com,4242204246,18/4/2023,,Psicologia ,,,
2023,culminó,Luis Daniel Brito Matute,26624805,psibritol@gmail.com,4241399718,18/4/2023,,Psicologia ,,,
2022,culminó,Maria Lismar Garcia Ricart,23635757,Ricart.1093@gmail.com,4125943197,,,Psicologia ,8/11/2022,16/2/2023,
2023,en proceso,Daniela Yineth Maestre Arellano,27535413,<maestredani@gmail.com>,4129151571,19/10/2023,,Psicologia ,26/10/2023,,estimada fecha de culminaci'on el 08/02/24
2023,en proceso,Diana Carolina Rangel Rodríguez,24101149,<dianarangel0111@hotmail.com>,4149101544,19/10/2023,,Psicologia ,26/10/2023,,estimada fecha de culminaci'on el 06/02/24
2023,culminó,Carolina Cruz Centeno,24123272,carolinacruzce@gmail.com,4128768460,15/3/2023,UCV,TS - B5,,9/8/2023,
2023,culminó,Ariadna Simoneth Contreras Carrizalez,22768674,Contrerasariadna21@gmail.com,4127398959,15/3/2023,UCV,TS - B4,,9/8/2023,
2022,culminó,Edgar Larez,24699259,edgarbravo24@gmail.com,4121499314,16/7/2022,UCV,TS - B4,,9/8/2023,
2023,Culminó,DANIELA VALENTINA MARQUEZ RIVERO,30512732,Daniela Marquez <dm220601@gmail.com>,4123715866,26/8/2023,UNESR,Fisioterapia,4/9/2023,6/10/2023,
2023,Culminó,FABIANA ANDREA RAMOS JASPE,29832569,fabiana ramos jaspe <fabiandreajaspe1429@gmail.com>,4242549234,26/8/2023,UNESR,Fisioterapia,4/9/2023,6/10/2023,
2023,Culminó,Valentina Alejandra Leiva Cisneros,28404648,valeleiva2001@gmail.com,4241882333,5/10/2023,UNESR,Fisioterapia,9/10/2023,17/11/2023,
2023,Culminó,Paola Fernanda Camacho Laverde,29954562,<paolacamacho111@gmail.com>,4125183195,5/10/2023,UNESR,Fisioterapia,9/10/2023,17/11/2023,
2023,se le notifico que no iniciaria por temas de apuro,Mageordith Merviyurain La Cruz de Gonzalez,15338084,mageordithlacruz@gmail.com,4141634614,10/6/2023,YACAMBU,Psicologia ,,,
2024,Culminó,Orlennys Pérez,29897681,orlenys56@gmail.com,4141586195,19/1/2024,CURMH,Fisioterapia,22/1/2024,1/3/2024,
2024,Culminó,Hillary Mata,29804123,hillarymata08@gmail.com,4127294998,19/1/2024,CURMH,Fisioterapia,22/1/2024,1/3/2024,
2024,Culminó,Jilary Salcedo,30450066,jilarysalcedo1@gmail.com,4123952192,19/1/2024,CURMH,Fisioterapia,22/1/2024,1/3/2024,
2024,Culminó,Laura Figueroa,29529477,laujandrafigueroa@gmail.com,,19/1/2024,CURMH,Fisioterapia,22/1/2024,8/3/2024,
2024,Culminó,Arlymar Melo,28304706,arlymarmelo27@gmail.com,4142412897,19/1/2024,CURMH,Fisioterapia,22/1/2024,1/3/2024,
2024,Culminó,María Larez,27309584,mariaflarez123@gmail.com,4241495171,19/1/2024,CURMH,Fisioterapia,22/1/2024,1/3/2024,
2024,Culminó,Frankyari Briceño,28309588,milabrcn@gmail.com,4125713598,19/1/2024,CURMH,Fisioterapia,22/1/2024,1/3/2024,
2024,Culminó,Milka Muñoz,26993133,lunamunozmk@gmail.com,4125822079,19/1/2024,CURMH,Fisioterapia,22/1/2024,1/3/2024,
2024,Culminó,Claudimar Guzman,13246156,guzmanclaudimar@gmail.com,4120163922,22/2/2024,CURMH,Fisioterapia,4/3/2024,12/4/2024,
2024,Culminó,Anyerlin Delgado,27598620,delgadoanyerlin@gmail.com,4241862322,22/2/2024,CURMH,Fisioterapia,4/3/2024,12/4/2024,
2024,Culminó,María Fernanda Alcalá,29897650,mafer.alpe014@gmail.com,4123811092,22/2/2024,CURMH,Fisioterapia,4/3/2024,12/4/2024,
2024,Culminó,Margret Adara Quintero,28313417,maqg122002@gmail.com,4141050684,22/2/2024,CURMH,Fisioterapia,4/3/2024,12/4/2024,
2024,Culminó,Caroline Andrades,27752766,csamalave@gmail.com,4122594192,24/4/2024,,Nutricion,14/5/2024,,
2024,Culminó,Miguel Sanchez,27376091,miguelasg1110@gmail.com,4242050468,24/4/2024,,Nutricion,14/5/2024,,
2024,Culminó,María Hernandez,27904466,maghg10@gmail.com,4241234840,24/4/2024,,Nutricion,14/5/2024,,
2024,Culminó,Sabina Alexandra Pino Pinzon,29780917,bookingsabi@gmail.com,4241089475,19/9/2024,,Nutricion,14/10/2024,15/11/2024,
2024,Culminó,Cindhy Estthefanny Larez Cedeño,26625534,larezcindhy@gmail.com ,4242918489,19/9/2024,,Nutricion,14/10/2024,15/11/2024,
2023,Culminó,Alejandro Cabrera ,6429465,alejandrocab12@hotmail.com,4164245219,19/10/2023,Seminario Evangélico de Caracas,pasante espiritual evangélico,24/10/2023,1/2/2024,"amigo de Erika Pardo. Realizó propuesta hasta finales de diciembre y luego propuso horaas de apoyo de Enero para el 2024, "
2024,Culminó,Mariangeles Rojas,28476765,mariangeles.rojas@correo.unimet.edu.ve,424845004,19/1/2024,UNIMET,Psicología,23/1/2024,4/4/2024,"Se realizó reunión el lunes 15 con la Lic. Anyoli, recibieron la inducción el 19 /01 e inician sus pasantías el 23 de enero."
2024,Culminó,Patricia Abdelnour,28309250,p.abdelnour@correo.unimet.edu.ve,4141333322,19/1/2024,UNIMET,Psicología,23/1/2024,4/4/2024,
2024,Culminó,María Daniela Ruiz,30358341,ruiz.maria@correo.unimet.edu.ve,4166208193,24/4/2024,UNIMET,Psicología,19/4/2024,10/7/2024,
2024,Culminó,Marian Acosta,28386101,m.acosta@correo.unimet.edu.ve,4122679537,24/4/2024,UNIMET,Psicología,26/4/2024,12/7/2024,
2024,Culminó,Ana Figueira,29625192,ana.figueira@correo.unimet.edu.ve,4142234175,10/9/2024,UNIMET,Psicología,10/9/2024,28/11/2024,
2024,Culminó,Valeria Soto,27670545,valeria.soto@correo.unimet.edu.ve,4241959371,10/9/2024,UNIMET,Psicología,10/9/2024,11/12/2024,
2024,Inicio,Barbara Peña,30429694,barbarapm871@gmail.com,4142332347,15/5/2024,CURMH,Terapia ocupacional,14/10/2024,,
2024,Inicio,Krysmar Landaeta,29797896,kryslandaeta@gmail.com,4242159199,15/5/2024,CURMH,Terapia ocupacional,14/10/2024,,
2024,Inicio,Rossymar Villafañe,30481986,roossymar79@gmail.com,4241241763,15/5/2024,CURMH,Terapia ocupacional,14/10/2024,,
2023,Culminó,Daniela Yineth Maestre Arellano,27535413,maestredani@gmail.com,4129151571,19/10/2023,UCV,Psicologia ,26/10/2023,8/2/2024,estimada fecha de culminaci'on el 08/02/24
2023,Culminó,Diana Carolina Rangel Rodríguez,24101149,dianarangel0111@hotmail.com,4149101544,19/10/2023,UCV,Psicologia ,26/10/2023,6/2/2024,estimada fecha de culminaci'on el 06/02/24
2024,Culminó,Jelymar Fernández,27498857,jelymaralejandra@gmail.com,4242366720,15/3/2024,UCV,Psicologia ,25/3/2024,3/7/2024,
2024,En proceso,Lismar Balanco,,lismar.blanco02@gmail.com,4241505821,24/10/2024,UCV,Psicologia ,7/11/2024,,
2024,Culminó/Prácticas,Nayrubis Frey,28496822,nayrubisfg@gmail.com,4129995038,15/5/2024,Yacambu,Psicología,29/5/2024,20/8/2025,Practicas Profesionales
2024,Culminó,Angie Cisnero,27588485,yolan17cis@gmail.com,4145405956,3/7/2024,UNESR,Fisioterapia,16/9/2024,30/10/2024,
2024,Culminó,Francheska Contreras,30391917,francheskacontrerasp1@gmail.com,4168112965,3/7/2024,UNESR,Fisioterapia,5/8/2024,13/9/2024,
2024,Culminó,Gabriela Graterol,28246796,gabrielagraterol43@gmail.com,,4/7/2024,UNESR,Fisioterapia,16/9/2024,30/10/2024,
2024,Culminó,Yaruanny Hernández,31587744,yaruviana07@gmail.com,4129351992,3/7/2024,UNESR,Fisioterapia,5/8/2024,13/9/2024,
2024,Culminó,Catherine Gonzalez,30170486,Gonzalezcatherine795@gmail.com,4123911412,28/9/2024,UNESR,Fisioterapia,7/10/2024,15/11/2024,
2024,Culminó,Yinna Frias,20784570,friasyinna0@gmail.com,4129706766,27/9/2024,UNESR,Fisioterapia,7/10/2024,15/11/2024,
2024,Iniciando,Abrahan Miguel Diaz Vallenilla,28013252,abrahanm.2019@gmail.com,,5/12/2024,UNESR,Fisioterapia,13/1/2024,,
2024,Iniciando,Dianmellyz Nathali Moreno,17043823,dianmellizmor@gmail.com,,5/12/2024,UNESR,Fisioterapia,13/1/2024,,
2024,Iniciando,Isamar Pérez Torrealba,24333406,perezisamar069@gmail.com,,5/12/2024,UNESR,Fisioterapia,13/1/2024,,
2025,Culminó,Andrea Camacaro,27007817,andrea.camacaro99@gmail.com,4242180066,16/5/2025,UPTM,Nutrición,19/5/2025,20/6/2025,
2025,Culminó,Angelo Milano,28158618,angelomilanosanluis@gmail.com,4141254900,16/5/2025,UPTM,Nutrición,14/7/2025,8/8/2025,
2025,Culminó,Arbelis Brigitte Aguilera Tabare,24899058,Abrigitte995@gmail.com,4123094308,16/5/2025,UPTM,Nutrición,19/5/2025,13/6/2025,
2025,Culminó,Diana Patricia,30124089, dianaprh02@gmail.com,4142936886,8/10/2025,UPTM,Nutrición,24/2/2025,1/4/2025,
2025,Culminó,José Orlando Rodriguez,19505773, joseorodriguez90@gmail.com,4123984508,8/10/2025,UPTM,Nutrición,20/1/2025,21/2/2025,
2025,Culminó,Laksmy Ramos Teran,28148882,laksmy.nutricion@gmail.com,4242991304,16/5/2025,UPTM,Nutrición,16/6/2025,11/7/2025,
2025,Culminó,Victoria Ferreira,27916206,vikisash17@gmail.com,,16/5/2025,UPTM,Nutrición,14/7/2025,8/8/2025,
2025,Iniciará en septiembre,Juan Carlos Vielma,29567482,vielmajuan812@gmail.com,4242222024,31/7/2025,UPTM,Nutrición,,,Inician el 01 de septiembre
2025,Iniciará en septiembre,Gabriela Alejandra Brito Chavez,30062090,gabrielabrito042@gmail.com,4143893033,31/7/2025,UPTM,Nutrición,,,Inician el 01 de septiembre
2025,Iniciará en septiembre,Taydali Del valle Uzcategui,30308747,tayuzcategui05@gmail.com,4129819736,31/7/2025,UPTM,Nutrición,,,
2025,Iniciará en octubre,Juleidy Kebbeh Vergel,19498085,Julykebbeh@gmail.com,4142315567,31/7/2025,UPTM,Nutrición,,,
2025,Culminó,Ana Valencia,27903928,ana.valencia@correo.unimet.edu.ve,4127758130,7/1/2025,UNIMET,Psicología,14/1/2025,21/3/2025,
2025,Culminó,Gabriela Curiel,30226348,gabriela.curiel@correo.unimet.edu.ve,4145578756,7/1/2025,UNIMET,Psicología,14/1/2025,21/3/2025,
2025,Culminó,Elisa Sanabria,28318354,elisa.sanabria@correo.unimet.edu.ve,4142007818,29/4/2025,UNIMET,Psicología,29/4/2025,2/7/2025,
2025,Culminó,Valentina Vaamonde,30496870,valentina.vaamonde@correo.unimet.edu.ve,4125428448,29/4/2025,UNIMET,Psicología,30/4/2025,2/7/2025,
2025,Iniciarán en septiembre,Maria Daniela Palma,28143591,madanielac20@gmail.com,4129606239,21/8/2025,CURMH,Terapia Ocupacional,,,
2025,Iniciarán en septiembre,Ibrahilus Nazareth Liendo Rivas,27954784,nazarethliendo95@gmail.com,4241005807,21/8/2025,CURMH,Terapia Ocupacional,,,
2025,Iniciarán en septiembre,Cristina yacqueline Fernández González,25740711,cristi210797@gmail.com,4241462617,21/8/2025,CURMH,Terapia Ocupacional,,,
2025,Iniciarán en septiembre,Jesús Manuel Vasquez Guerrero,27793402,jmvasquezg7@gmail.com,4242150102,21/8/2025,CURMH,Terapia Ocupacional,,,
2024,Culminó,Lismar Balanco,26221002,lismar.blanco02@gmail.com,4241505821,24/10/2024,UCV,Psicologia,7/11/2024,6/2/2025,
2025,Culminó,Patricia Rosales ,25561673,patricia.rosales.ucv@gmail.com ,4241235035,8/4/2025,UCV,Psicologia,28/4/2025,17/6/2025,
2025,En proceso,Julio Molina,26996237,juliocesar7797@gmail.com,4129843319,20/3/2025,Colegio Univ. Psicopedagogía,Psicopedagogia,9/4/2025,,
2025,Iniciando,Anais Carolina Curbelo,26726425,accurbelog1598@gmail.com,,20/3/2025,UNESR,Fisioterapia,4/8/2025,,
2025,Iniciando,Karen Cuarez Aguero,20755961,karencuarez@gmail.com,,20/3/2025,UNESR,Fisioterapia,4/8/2025,,
2025,2da rotación,Milenis Guzmán Dugarte,27343310,smilenita360@gmail.com,,20/3/2025,UNESR,Fisioterapia,15/9/2025,,Inicia el 15 de septiembre
2025,2da rotación,Angela Gomez Sojo,29883120,angelaggs1403@gmail.com,,20/3/2025,UNESR,Fisioterapia,15/9/2025,,
2025,Iniciando,Anais Carolina Curbelo,26726425,accurbelog1598@gmail.com,,20/3/2025,UNESR,Fisioterapia,4/8/2025,,
2025,Iniciando,Karen Cuarez Aguero,20755961,karencuarez@gmail.com,,20/3/2025,UNESR,Fisioterapia,4/8/2025,,
2025,2da rotación,Milenis Guzmán Dugarte,27343310,smilenita360@gmail.com,,20/3/2025,UNESR,Fisioterapia,15/9/2025,,Inicia el 15 de septiembre
2025,2da rotación,Angela Gomez Sojo,29883120,angelaggs1403@gmail.com,,20/3/2025,UNESR,Fisioterapia,15/9/2025,,
2024,Culminó,Abraham Díaz,28013252,abrahanm.2019@gmail.com,,5/12/2024,UNESR,Fisioterapia,13/1/2024,21/2/2025,
2025,Egreso,Angela Luciani,11165053,angelaluciani010@gmail.com,,27/2/2025,UNESR,Fisioterapia,10/3/2025,,
2024,Culminó,Dianmellyz Nathali Moreno,17043823,dianmellizmor@gmail.com,,5/12/2024,UNESR,Fisioterapia,13/1/2024,21/2/2025,
2025,Culminó,Hillary Ascanio,29533062,hillaryascanio29@gmail.com,,27/2/2025,UNESR,Fisioterapia,10/3/2025,25/4/2025,
2024,Culminó,Isamar Pérez Torrealba,24333406,perezisamar069@gmail.com,,5/12/2024,UNESR,Fisioterapia,13/1/2024,21/2/2025,
2025,Culminó,Raysmel Blanco,16507472,raysmelblanco84@gmail.com,,27/2/2025,UNESR,Fisioterapia,10/3/2025,25/4/2025,
2025,Se retiró,PaolaTroconis ,30394598,<paotroco2004@gmail.com>,4241756173,27/2/2025,UCAB,Estudia te 7mo Semestre Derecho,1/3/2025,,"Estudiante realizará Pasantía de manera personal no por tener el requerimiento de la Universidad. realizará el apoyo por 3 meses. Culmina en Junio, con posibilidad de extension."