Base de Datos Estudiantes Labor Social desde 2016 al 30 agosto de 2025,,,,,,,,,,,,
,,,,,,,,,,,,
Año,Estatus,Nombre y Apellido,Cédula de Identidad,Email,Teléfono,Fecha de Inducción,Colegio / Instituto,Carrera,Fecha de Inicio,Fecha de Culminación,Observaciones,Otro
2016,Culminó,Dayana Dato,17922474,gabrielazaglieri@gmail.com,04142045047 / 04242808909,25/7/2016,Asoc Ser y Fe,,25/7/2016,25/8/2016,,Verificar
2016,Culminó,Deigreg Guarepe,27.985.434,deiivanegass@gmail.com,4125438487 / 0412 8281518,,Colegio Ceferino Alegría,,20/10/2016,30/3/2017,Al iniciar LS informó que realizaría 120 horas en Abril manifestó que culminaría con las horas realizadas hasta la fecha,No tiene expediente
2016,Culminó,Nathaly Castillo,27.954.975,nathalycr018@gmail.com,4165259297,,Colegio Ceferino Alegría,,20/10/2016,30/3/2017,Al iniciar LS informó que realizaría 120 horas en Abril manifestó que culminaría con las horas realizadas hasta la fecha,No tiene expediente
2016,Culminó,Nathasha Castillo,27.954.973,,4165259297,,Colegio Ceferino Alegría,,20/10/2016,30/3/2017,Al iniciar LS informó que realizaría 120 horas en Abril manifestó que culminaría con las horas realizadas hasta la fecha,No tiene expediente
2016,Culminó,Nayerlin Moreno,27.175.734,nayerlinmoreno@hotmail.com,4141387817,,Colegio Ceferino Alegría,,20/10/2016,2/5/2017,Al iniciar LS informó que realizaría 120 horas en Abril manifestó que culminaría con las horas realizadas hasta la fecha,No tiene expediente
2016,Culminó,Susana Peraza,28.300.354,katherin_13@hotmail.com,4241742848,,Colegio Ceferino Alegría,,20/10/2016,2/5/2017,Al iniciar LS informó que realizaría 120 horas en Abril manifestó que culminaría con las horas realizadas hasta la fecha,No tiene expediente
2016,Culminó,Viviana Olaya,27.569.606,vivianaolaya26@gmail.com,4241066136,,Colegio Ceferino Alegría,,2/11/2016,2/5/2017,Al iniciar LS informó que realizaría 120 horas en Abril manifestó que culminaría con las horas realizadas hasta la fecha,No tiene expediente
2016,Culminó,Karen Quizhpi,27.965.413,,4149162468,,Nuestra Señora de la Consolación,,12/7/2016,28/9/2016,constancia enviada por correo,No tiene expediente
2016,Culminó,María Fernanda Martinez,27.352.989,mafemm06@gmail.com,04143342048 / 04142635503 / 04241034287,,Nuestra Señora de la Consolación,,10/3/2016,30/6/2016,constancia enviada por correo,No tiene expediente
2016,Culminó,Sharon Nova,28.426.196,sharonnova_99@hotmail.com,4242997942,,Nuestra Señora de la Consolación,,12/7/2016,28/9/2016,constancia enviada por correo,No tiene expediente
2016,Culminó,Sofia Barriteau,26.040.149,sofibarriteau02@gmail.com,4161786861,,Nuestra Señora de la Consolación,,31/3/2016,27/5/2016,,No tiene expediente
2016,Culminó,Valentina Varani,27.150.541,valentinaverrani99@hotmail.com,04166058480/ 04242197554,,Nuestra Señora de la Consolación,,10/3/2016,10/8/2016,constancia enviada por correo (Falta Planilla.),No tiene expediente
2016,Suspendido,Carelvi Rovello,,carelvipaolarovello16@gmail.com,4143985764,,La Divina Pastora,,20/11/2015,,Suspension por conducta inapropiada,No tiene expediente
2016,Suspendido,Gabriela Carmona,,gabrielaxd2@gmail.com,4125544975,,La Divina Pastora,,20/11/2015,,Suspension por conducta inapropiada,No tiene expediente
2016,Suspendido,Nayeska Groba,,nayeskagioba@gmail.com,4168139629,,La Divina Pastora,,20/11/2015,,Suspension por conducta inapropiada,No tiene expediente
2016,Culminó,Alessandra Russo,,,,,Humboldt,,1/10/2015,,Verificar estatus actual,No tiene expediente
2016,Culminó,Ana Blanco,,,4166349987,,Humboldt,,2/1/2016,,(Sin Planilla),No tiene expediente
2016,Culminó,Carlos Pabon,,,4262536015,,Humboldt,,4/1/2016,,(Sin Planilla),No tiene expediente
2016,Culminó,Daniel Jose Torres Castro,,torresdaniel508@gmail.com,4241515738,,Humboldt,,29/3/2016,,,No tiene expediente
2016,Culminó,Hans Grullon,,hanchu01@gmail.com,4242121240,,Humboldt,,29/3/2016,,(Sin Planilla),No tiene expediente
2016,Culminó,Ornella Quintero,,,4241271160,,Humboldt,,3/1/2016,,(Sin Planilla),No tiene expediente
2016,Culminó,Santiago Cona,,,4122867227,,Humboldt,,1/1/2016,,(Sin Planilla),No tiene expediente
2016,Culminó,Daniel Torres,26794868,torresdaniel508@gmail.con,4241515738,,Humboldt,,,,Culminó (Su mama se acerco a a bambi 3 con las horas firmadas por los docentes.,No tiene expediente
2016,Culminó,Diego Tiberi,27.424.208,tiberi.diego@hotmail.com,4242518622,,Humboldt,,21/10/2016,14/10/2017,Culminaron sus horas remodelando las bancas de B3,No tiene expediente
2016,Culminó,Erik Moskus,27.796.484,erikmuskus@gmail.com,4167028714,,Humboldt,,7/10/2016,,,"Expediente eliminado, solo tiene un reconocimiento de Hogar Bambi"
2016,Inconcluso,José Andrés Calderón,,,,,Humboldt,,,,(Sin Planilla) se intentó contactar y no se logró,No tiene expediente
2016,Culminó,Pedro Mayz Barreto,27.624.062,pedrombo4@gmail.com,4129208234,,Humboldt,,21/10/2016,14/10/2017,Culminaron sus horas remodelando las bancas de B3,No tiene expediente
2016,Culminó,Jeckson Zapata,25.138.015,jeckson_99@live.com,4140218425,,INCE,,3/3/2016,14/3/2016,,No tiene expediente
2016,Culminó,Wilson Ramirez,25.518.897,wilsonraz17@gmail.com,4169011260,,INCE,,3/3/2016,14/3/2016,,No tiene expediente
2016,Culminó,Luis Franco,25.518.897,luisfrancolf@hotmail.com,4242255461,,INCE,,3/3/2016,14/3/2016,,No tiene expediente
2016,Culminó,Jhoseanyeli Ortega,25.770.190,jhoseanyelio@gmail.com,4141615105,,INCE,,3/3/2016,14/3/2016,,No tiene expediente
2016,Culminó,Steven Mundarain,25.284.371,mundarainabel25@gmail.com,4262476120,,INCE,,3/3/2016,14/3/2016,,No tiene expediente
2016,Culminó,Pedro Hernandez,,pedrohernandez_15@hotmail.com,04268207606 / 02124715857,,INCE,,3/3/2016,14/3/2016,,No tiene expediente
2016,Culminó,Jeremy Piña,"25,037.092",jeremyalfredo000@gmail.com,4140240292,,INCE,,3/3/2016,14/3/2016,,No tiene expediente
2016,Culminó,Dayana Diaz,25.545.087,daydias2107@gmail.com,4123049642,,INCE,,3/3/2016,14/3/2016,,No tiene expediente
2016,Culminó,Enderlyn Vera,26.272.637,enderlyncardenas@hotmail.com,4268883040,,INCE,,3/3/2016,14/3/2016,,No tiene expediente
2016,Culminó,Aracelys Fermin,25.466.144,ara19961@hotmail.com,4142636536,,INCE,,3/3/2016,14/3/2016,,No tiene expediente
2016,Culminó,Naiser Chacon,25.205.682,,4141615105,,INCE,,6/4/2016,15/4/2016,,No tiene expediente
2016,Culminó,Mack Torrealba,27.474.956,,4241427013,,INCE,,6/4/2016,15/4/2016,,No tiene expediente
2016,Culminó,Moises Galves,25.625.928,,4261871267,,INCE,,6/4/2016,15/4/2016,,No tiene expediente
2016,Culminó,Ender Fernandez,25.792.840,,4263012489,,INCE,,6/4/2016,15/4/2016,,No tiene expediente
2016,Culminó,Crisbely Mendez,26.728.125,,4122009439,,INCE,,6/4/2016,15/4/2016,,No tiene expediente
2016,Culminó,Deysi Hernandez,24.057.254,,4261028587,,INCE,,6/4/2016,15/4/2016,,No tiene expediente
2016,Culminó,Rojas Yeidy,27.295.645,,4262113280,,INCE,,6/4/2016,15/4/2016,,No tiene expediente
2016,Culminó,Dixon Morales,27.103.963,,4265369139,,INCE,,6/4/2016,15/4/2016,,No tiene expediente
2016,Culminó,Kelvin Ramirez,24.529.488,,4167111757,,INCE,,6/4/2016,15/4/2016,,No tiene expediente
2016,Culminó,Franklin Rodil,26.063.399,,4141051966,,INCE,,6/4/2016,15/4/2016,,No tiene expediente
2016,Culminó,Alejandra Morales,27.353.018,,,,Inmaculada Concepción,,2/1/2016,,,No tiene expediente
2016,Culminó,Andrea Martinez,27.282.375,andreamartinezpc@gmail.com,04168329011 / 04140141965 / 02127308670,,Inmaculada Concepción,,19/1/2016,,,No tiene expediente
2016,Culminó,Ashley Guillen,27.450.163,lacytownkids@hotmail.com,04125508029 / 02127313640 / 04265181078,,Inmaculada Concepción,,19/1/2016,,,No tiene expediente
2016,Culminó,Cristina Buitriago,27.513.018,crisarita@hotmail.com,4241773783 / 02125737374/ 04263161951,,Inmaculada Concepción,,19/1/2016,,,No tiene expediente
2016,Culminó,Genesis Galan,29.686.854,gene_gali@hotmail.com,4241119452,,Inmaculada Concepción,,19/1/2016,,,No tiene expediente
2016,Culminó,Giuliana Diaz,27.321.683,giulianadgq@gmail.com,4241872800,,Inmaculada Concepción,,19/1/2016,,,No tiene expediente
2016,Culminó,Oriana Perez,27.177.048,ori_gabi_28@hotmail.com,4142389376,,Inmaculada Concepción,,19/1/2016,,,No tiene expediente
2016,Culminó,Adriana Calderon,27.788.859,adrianaalejandra@live.com,4241426461,,La Salle,,21/1/2016,10/8/2016,,No tiene expediente
2016,Culminó,Aitana Saenz,27.668.875,,4242306900,,La Salle,,5/1/2016,,,No tiene expediente
2016,Culminó,Alberto Ceci,27.027.708,albertoceci38@gmail.com,4122502728,,La Salle,,1/1/2016,29/3/2016,Se envio la constancia por correo,No tiene expediente
2016,Culminó,Alejandro Pose,,,4142087700,,La Salle,,6/1/2016,,,No tiene expediente
2016,Culminó,Cesar Ortega,27.254.318,michelandia8@hotmail.com,04123633697 / 04127076457,,La Salle,,15/8/2016,,,No tiene expediente
2016,Culminó,David Mendez,27.376.230,fatimademendez@hotmail.com,4241761577,,La Salle,,29/1/2016,,,No tiene expediente
2016,Culminó,Eimy Chirinos,27.879.878,eimyprincesita@hotmail.com,04241501195/ 04142242005/ 02125511030,,La Salle,,26/1/2016,20/6/2016,,No tiene expediente
2016,Culminó,Juan Duarte,,,4165285182,,La Salle,,3/1/2016,,,No tiene expediente
2016,Culminó,Maikel Chacon,27.150.206,maikelelgalan12@hotmail.com,04142796783 / 04142242005 / 02125511030,,La Salle,,26/1/2016,20/1/2016,Se envio la constancia por correo,No tiene expediente
2016,Culminó,Maria Duarte,,,4165285182,,La Salle,,2/1/2016,,,No tiene expediente
2016,Culminó,Nirvana Rondon,26.993.928,,4264842181,,La Salle,,4/1/2016,,,No tiene expediente
2016,Culminó,Roberto Alvarez,,roberto2371999@hotmail.com,4262123550,,La Salle,,11/1/2016,,,No tiene expediente
2016,Culminó,Rodrigo Casaltorres,,rcasaltorres@gmail.com,4143747006,,La Salle,,3/3/2016,,"Solo tiene la Ficha de identificacion (sin foto,ni cedula)",No tiene expediente
2016,Culminó,Marian Carias Garcia,27.752.967,cariasgmarian@gmail.com,4241253532,,La Salle,,16/11/2016,25/4/2017,,No tiene expediente
2016,Culminó,Alejandra Bello,26.921.576,alejandrac99@gmail.com,4142638252,,Mater Salvatoris,,12/7/2017,10/8/2017,,No tiene expediente
2016,Culminó,Alejandra Sifontes,27342296,alejandracsifontes@gmail.com,4149279171,,Mater Salvatoris,,1/8/2016,22/8/2016,,No tiene expediente
2016,Culminó,Andrea De Abreu,27624356,andreadeabreu@gmail.com,4123025413,,Mater Salvatoris,,1/8/2016,23/8/2016,,No tiene expediente
2016,Culminó,Andrea Zubiur,27588281,aminguell@yahoo.com,4242308580,,Mater Salvatoris,,2/8/2016,,,No tiene expediente
2016,Culminó,Andreina Garrido,27235243,ags.110200@gmail.com,4241978010,,Mater Salvatoris,,1/8/2016,,,No tiene expediente
2016,Culminó,Autana Grillet,27671244,autanagc@gmail.com,4141290807,,Mater Salvatoris,,2/8/2016,19/8/2016,,No tiene expediente
2016,Culminó,Clamentina Gutierrez,27588257,clementina-gutierrez@hotmail.com,4241327752,,Mater Salvatoris,,2/8/2016,19/8/2016,,No tiene expediente
2016,Culminó,Corina Olivares,27346176,carolivares.co@gmail.com,4142233786,,Mater Salvatoris,,12/7/2017,10/8/2016,,No tiene expediente
2016,Culminó,Daniela Divasson,27439029,daniela.divasson@gmail.com,4241183158,,Mater Salvatoris,,1/8/2016,10/8/2016,,No tiene expediente
2016,Culminó,Daniella Haon,27027833,daniellahaon@hotmail.com,4143144889,,Mater Salvatoris,,16/8/2016,19/9/2016,,No tiene expediente
2016,Culminó,Eugenia Branger,27246322,,4241926003,,Mater Salvatoris,,12/7/2017,10/8/2016,,No tiene expediente
2016,Culminó,Fatima De Abreu,27488250,fativiky@gmail.com,4242943023,,Mater Salvatoris,,18/7/2016,10/8/2016,,No tiene expediente
2016,Culminó,Gabriela Tappata,27789030,gabrit99@hotmail.com,4241591567,,Mater Salvatoris,,18/7/2016,20/8/2016,,No tiene expediente
2016,Culminó,Isabella Biaggi,27373998,isixbiaggi@hotmail.com,4242940847,,Mater Salvatoris,,2/8/2016,19/8/2016,,No tiene expediente
2016,Culminó,Isabella Diaz,27625369,isabelladiazt@gmail.com,4142127223,,Mater Salvatoris,,18/7/2016,10/8/2016,,No tiene expediente
2016,Culminó,Loredana Feliciani,27622912,loredanafeliciani@gmail.com,4149218785,,Mater Salvatoris,,12/7/2017,10/8/2016,,No tiene expediente
2016,Culminó,Paola Gonzalez,27713876,paovalen99@gmail.com,4123624287,,Mater Salvatoris,,1/8/2016,22/8/2016,,No tiene expediente
2016,Culminó,Sabrina Bermudez,27670460,sabrina.bermudez@hotmail.com,4129233376,,Mater Salvatoris,,18/7/2016,10/8/2016,,No tiene expediente
2016,Culminó,Sara Salvatierra,28.101.122,saraisalvatierra@gmail.com,4241988731,,Mater Salvatoris,,18/7/2016,10/8/2016,,No tiene expediente
2016,Culminó,Valentina Tirado,28315377,valentinatirado@gmail.com,416875843,,Mater Salvatoris,,1/8/2016,11/8/2016,,No tiene expediente
2016,Culminó,Valentina Varani,,,4168755843,,Mater Salvatoris,,1/8/2016,,,No tiene expediente
2016,Culminó,Veronica Padilla,27439563,veronicapadillarey@gmail.com,4242726756,,Mater Salvatoris,,1/9/2016,28/9/2016,,No tiene expediente
2016,Culminó,Alejandra Borges,27439698,aliznutmash@gmail.com,4241511700,,Mater Salvatoris,,17/10/2016,16/5/2017,Se le envio contancia de culminacion por correo (19/06/17),No tiene expediente
2016,Culminó,Andrea Moncada,26.809.008,aandreaamzanetti@gmail.com,4143776989,,Mater Salvatoris,,17/10/2016,16/5/2017,Se le envio contancia de culminacion por correo (19/06/17),No tiene expediente
2016,Culminó,Isabella Marquez,28.053.556,isabellamd18@gmail.com,4143110605,,Mater Salvatoris,,17/10/2016,16/5/2017,Se le envio contancia de culminacion por correo (19/06/17),No tiene expediente
2016,Culminó,Mariana Sipala,27.439.696,msipala17@gmail.com,4142540808,,Mater Salvatoris,,18/10/2016,16/5/2017,Se le envio contancia de culminacion por correo (19/06/17),No tiene expediente
2016,Culminó,Piera Leonarduzzi,26963893,pipasabrina@hotmail.com,4246951947,,Mater Salvatoris,,18/10/2016,16/5/2017,Se le envio contancia de culminacion por correo (19/06/17),No tiene expediente
2016,Culminó,Xamantha Perez,27624530,xpugarte@gmail.com,4242800644,,Mater Salvatoris,,21/11/2016,16/5/2017,Se le envio contancia de culminacion por correo (19/06/17),No tiene expediente
2016,Culminó,Isabel Falcon Perez,30.142.040,isafalper29@gmail.com,4241206884,,Merici,,19/10/2016,,No hay ficha de Identificacion,No tiene expediente
2016,Culminó,Carmen Victoria Muñiz,27.916.759,victoria_2000_01@hotmail.com,4266045133,,Nazaret,,15/8/2016,28/9/2016,,No tiene expediente
2016,Culminó,Edgar Mijares,27.660.144,dayaed@hotmail.com,4143375852,,Nazaret,,16/8/2016,,No hay cartade finalizacion archivada,No tiene expediente
2016,Culminó,Kemberson Lopez,27.752.852,m3ch21@hotmail.com,04142450965/ 04143031607,,Nazaret,,15/8/2016,28/9/2016,,No tiene expediente
2016,Culminó,Victor Guete,27.333.849,victorgueteq@gmail.com,4143359746,,Nazaret,,19/7/2016,7/9/2016,,No tiene expediente
2016,Culminó,Yariani Mijares,27.660.108,dayaed@hotmail.com,4143375852,,Nazaret,,16/8/2016,,No hay cartade finalizacion archivada,No tiene expediente
2016,Culminó,Carlos Montoya,27.818.979,mcardoso0601@hotmail.com,0412 5833360,,Nazaret,,18/10/2016,19/1/2017,hablé con la mama y me informó que si habia terminado,No tiene expediente
2016,Culminó,Mariannis Gonzalez,27.309.320,mariannisgonzalezbarros@hotmail.com,0426 2046286,,Nazaret,,18/10/2016,8/3/2017,,No tiene expediente
2016,Culminó,Sarah Franca,27.615.155,sarahfranco11@gmail.com,4142242960,,Nazaret,,24/10/2016,3/4/2017,,No tiene expediente
2016,Culminó,Katherine Rodriguez,,k_alejandrar@hotmail.com,4162926158,,Nuestra Señora del Carmen,,22/1/2016,,"En la ficha no hay Copia de la cedula,ni foto",No tiene expediente
2016,Culminó,Sofia Pestana,28426637,sofiapestana16@hotmail.com,4125632891,,Nuestra Señora del Carmen,,22/1/2016,,,No tiene expediente
2016,Culminó,Wilkary Briceño,,willbri_77@hotmail.com,4262111177,,Nuestra Señora del Carmen,,22/1/2016,,"En la ficha no hay Copia de la cedula,ni foto",No tiene expediente
2016,Culminó,Christopher Colmenarez,28.426.151,christophercolmenarezv@gmail.com,4149101388,,Santiago de León de Caracas,,28/3/2016,3/6/2016,,No tiene expediente
2016,Culminó,Fiorella Guzzo,,lucciolamariadela@gmail.com,,,Santiago de León de Caracas,,1/10/2015,15/5/2016,,No tiene expediente
2016,Culminó,Luis Nieves,26.528.863,luisandresnievescasique@gmail.com,4143022305,,Santiago de León de Caracas,,4/4/2016,27/6/2016,,No tiene expediente
2016,Culminó,Mariadela Lucciola,27.904.338,lucciolamariadela@gmail.com,,,Santiago de León de Caracas,,1/10/2015,15/5/2016,,No tiene expediente
2016,Culminó,Mayoska Silva,28.158.740,lucciolamariadela@gmail.com,4242747580,,Santiago de León de Caracas,,1/10/2015,15/5/2016,,No tiene expediente
2016,Culminó,Oriana Cardenas,27.246.318,oricardenas8@gmail.com,4149022098,,Santiago de León de Caracas,,28/3/2016,9/5/2016,,No tiene expediente
2016,Culminó,Sofia Savoca,26.731.974,sofia@savoca.net,4143073341,,Santiago de León de Caracas,,9/6/2016,8/7/2016,,No tiene expediente
2016,Se retiró,Diego Nieves,,,4143022305,,Santiago de León de Caracas,,25/10/2016,,No ha venido lo que va del ano 2017. decidió culminar la labor en su colegio,No tiene expediente
2016,Se retiró,Isabella Perdomo,29.662.795,isabellapch@gmail.com,4242049258,,Santiago de León de Caracas,,25/10/2016,6/4/2017,Culminado en el colegio (me in dico en llamada realizada el 19/06/17),No tiene expediente
2016,Se retiró,Sisi Alvarez,,sissivaleria@gmail.com,4142662652,,Santiago de León de Caracas,,26/1/2016,,Culminado en el colegio (me in dico en llamada realizada el 19/06/17),Exp eliminado. Solo tenía planilla de Identificación
2016,Leer Observaciones,Cecilia Castro,,cecic2000@gmail.com,04168362627/ 02125511972,,San José de Tarbes,,24/9/2015,2/3/2016,Aparece lista pero la fecha dice que deberían estar haciendo labor social (no hay planilla),No tiene expediente
2016,Leer Observaciones,Mariangela Rivera,,mariangelarvepe@hotmail.com,04141510722 / 02125521067,,San José de Tarbes,,24/9/2015,2/3/2016,(no hay planilla),No tiene expediente
2016,Leer Observaciones,Melissa Morales,,melumorales16@gmail.com,04143114936 / 02127931785,,San José de Tarbes,,30/9/2015,2/3/2016,(no hay planilla),No tiene expediente
2016,Leer Observaciones,Alejandro Mazziotta,,,,,San Ignacio Loyola,,5/4/2016,,no hay registros,No tiene expediente
2016,Leer Observaciones,Daniel Leon Brito,,,,,San Ignacio Loyola,,5/4/2016,,no hay registros,No tiene expediente
2016,Leer Observaciones,Mauricio Alves,,,,,San Ignacio Loyola,,5/4/2016,,no hay registros,No tiene expediente
2016,Culminó,Ana Mata,,ana.gabriela0097@gmail.com,4123740011,,Teresiano El Paraíso,,13/5/2016,7/5/2016,,No tiene expediente
2016,No hay registros,Dayana Matar,,nawafmatar1955@yahoo.es,4125840509,,Tirso de Molina,,7/11/2016,,,No tiene expediente
2016,No hay registros,Euskarin Verdi,,euskarin30@hotmail.com,4142165030,,Tirso de Molina,,7/11/2016,,,No tiene expediente
2017,Culminó,Akyanaid Gerra,27790612,lady13biebersforever@gmail.com,4241267678,7/10/2017,CIAL,,31/10/2017,21/11/2017,,No tiene expediente
2017,Culminó,Darianna Ortiz,30157748,darianol.110426@gmail.com,4127180755,7/10/2017,CIAL,,31/10/2017,21/11/2017,,Posee expediente con constancia de horas y asistencia
2017,Culminó,Naileth Guaman,29651384,naile-2@hotmail.com,4141104851,19/10/2017,CIAL,,,7/12/2017,,No tiene expediente
2017,Culminó,Yosmarli Mendoza,27671679,yosmarlisinai24@gmail.com,4242383590,19/10/2017,CIAL,,7/11/2017,12/1/2018,,No tiene expediente
2017,Culminó,Catherine Porciello,28.014.029,Catherine.porciello@gmail.com,04143212239 / 04142629501,11/7/2017,Nuestra Señora de la Consolación,,3/10/2017,23/11/2017,Falta carta de Culminacion,No tiene expediente
2017,Culminó,Marialejandra Contreras,27.770.828,marialecontreras2000@gmail.com,4242413768,11/7/2017,Nuestra Señora de la Consolación,,13/7/2017,24/8/2017,,No tiene expediente
2017,Culminó,Richel Valera,28.302.629,richelmariana121@gmail.com,4142594072,1/8/2017,Nuestra Señora de la Consolación,,2/8/2017,1/9/2017,,No tiene expediente
2017,Sin Iniciar,Anabella Trejo,29551953,trejoanabella@gmail.com,4143906226,19/10/2017,Claret,,,,,No tiene expediente
2017,Sin Iniciar,Isabella Trejo,29551954,isatrejo@gmail.com,4143900065,19/10/2017,Claret,,,,,No tiene expediente
2017,Sin Iniciar,Andrea Contreras,27670592,contreraslander@gmail.com,42422234124,12/9/2017,Cristo Rey,,,,Se le envio correo para que no indicara su disponibilidad,No tiene expediente
2017,Sin Iniciar,Bettina Petersen Angeli,27624795,bettipetersen00@gmail.com,4241806968,12/9/2017,Cristo Rey,,,,Se le envio correo para que no indicara su disponibilidad,No tiene expediente
2017,En Proceso,Daniela Perez Brugada,29780126,danilubiris1@gmail.com,4128147078,12/9/2017,Cristo Rey,,18/9/2017,29/9/2017,"Se le llamo para verificar si culminara sus horas de Labor Social, se le enviara un correo 16/10/17",Posee documentación
2017,En Proceso,Leonor Gonzalez,28189825,leonorgy01@gmail.com,4127944985,12/9/2017,Cristo Rey,,19/9/2017,17/10/2017,Se le llamo e indico que no culminaria su Labor Social,No tiene expediente
2017,En Proceso,Miranda Banchs,28158752,mbbabchsgil@gmail.com,4241202114,12/9/2016,Cristo Rey,,18/9/2017,29/9/2017,"Se le llamo para verificar si culminara sus horas de Labor Social, se le enviara un correo 16/10/17",Posee documentación
2017,Culminó,Maria Veronica Marquez,,veromarques11@gmail.com,4166311457,2/9/2017,Emil Friedman,,4/9/2017,15/12/2017,No tiene que cumplir las 60 horas al iniciar clases continua en el colegio,No tiene expediente
2017,Culminó,Mariana Paquin,,marianapaquin0831@gmail.com,4242723129,2/9/2017,Emil Friedman,,9/9/2017,21/10/2017,Se le llamo poara saber si culminaria su labor Social no responde se le volvera a llamar,Posee expediente. Tiene planilla y constancia de horas
2017,Culminó,Joraitzi Ramirez,29686957,joraitziramirezve@gmail.com,4120152979,19/10/2017,Formacion Integral 12 de Febrero,,6/11/2017,4/12/2017,desea continuar como voluntaria luego de las vacvaciones decembrinas de comunicara con nosotros para acordar un cronograma,No tiene expediente
2017,Culminó,Jalee Arias,26901001,Jaleearias@gmail.com,4241690310,2/9/2017,INVECAPI,,4/9/2017,15/9/2017,,No tiene expediente
2017,Culminó,Keneth José Ramos Arrieta,27.814.823,kenethramos331@hotmail.com,0424 2320774,,Juan Pablo II,,3/2/2017,19/5/2017,,No tiene expediente
2017,Culminó,Andrea Hernández,27.752.966,andreadshernandez@gmail.com,0416 6221529,,La Salle,,7/3/2017,13/6/2017,,No tiene expediente
2017,Culminó,Christopher Quijada,28.028.266,christopherquijada13@gmail.com,4126135671,,La Salle,,9/3/2017,28/6/2017,,No tiene expediente
2017,Culminó,Francisco Manuel Jiménez Biternas,27.752.950,chipijimenez13@gmail.com,0424-1455429,,La Salle,,9/2/2017,26/10/2017,,No tiene expediente
2017,Culminó,Manuel Dos Santos,27.053.560,sussibell@gmail.com,4143363002,,La Salle,,8/5/2017,10/6/2017,,No tiene expediente
2017,Leer Observaciones,Miguel Ignacio Ortiz Purica,28.013.401,miguel.ortiz170820@gmail.com,0412 9065116,,La Salle,,30/3/2017,3/8/2017,Llame y no contestan 06/07/17,"Expediente eliminado, sin planilla, solo carta del colegio"
2017,Leer Observaciones,Santiago Rafael Terrero García,27.784.852,santiagoterrerogarcia@gmail.com,0426 6131528,,La Salle,,31/3/2017,20/10/2017,llamar nuevamente la semana proxima ya que el desea continuar debe verificar el el colegio si lo puede hacer durante vacaciones 06/07/17,No tiene expediente
2017,Se retiró,Sofía Martínez,27.879.883,sofival2000@hotmail.com,4129220982,,La Salle,,7/3/2017,10/8/2017,Suspendido 06/07/17 ya que su mama no le da permiso para salir por la situacion pais en lo que se valla a reincorporar me va a llamar,No tiene expediente
2017,Culminó,Stefano Bitetto,27.770.873,stefanobitettos22@gmail.com,0412 3859007,,La Salle,,30/3/2017,2/6/2017,,No tiene expediente
2017,Suspendido,Michelle Garrido,29.512.044,michelle_garrido@gmail.com,4242272806,2/9/2017,Madre Matilde,,7/10/2017,9/12/2017,Se suspendio debido a que falto a la normativa de realizar Labor Social durante los fines de semana.,No tiene expediente
2017,Culminó,Ainoa Aramburu,27588247,ainoaaramburumaras@gmail.com,4123051445,2/9/2017,Mater Salvatoris,,5/9/2017,8/11/2017,,No tiene expediente
2017,Culminó,Alexandra Estrada,28461096,laleestrada9@gmail.com,4242867459,7/10/2017,Mater Salvatoris,,9/10/2017,7/12/2017,Apoyo temporal por suspencion de clases 16 Horas,No tiene expediente
2017,Se retiró,Andrea Gomez,27426596,andreagomezalfaro@hotmail.com,4149108086,7/10/2017,Mater Salvatoris,,9/10/2017,,Envió correo informando que no podía seguir apoyándonos este 2017. que nos contactará para hacerlo en Marzo 2018,No tiene expediente
2017,Culminó,Angela Volpe,26956146,angelavolpec3009@gmail.com,4241585033,7/10/2017,Mater Salvatoris,,9/10/2017,7/12/2017,Realizo Economias de Fichas,No tiene expediente
2017,Culminó,Carla De Sousa,27625162,carlajsr.13@gmail.com,4141101964,2/9/2017,Mater Salvatoris,,5/9/2017,7/12/2017,No asisitio por el brote de Lechina,No tiene expediente
2017,Culminó,Lucia Peceño,27818878,lucia.peceno@gmail.com,4242198133,2/9/2017,Mater Salvatoris,,,,Bambi esta a la espera de que realice un solicitud por correo,No tiene expediente
2017,Se Retiró,Maria Carrillo,27790969,marucarrillo008@gmail.com,4142108183,2/9/2017,Mater Salvatoris,,10/10/2017,,Solo le faltan 10 horas,No tiene expediente
2017,Se Retiró,Maria Eugenia Livimalli,27985976,marulivinallibouquet@hotmail.com,4149134452,7/10/2017,Mater Salvatoris,,9/10/2017,,Apoyo temporal por suspencion de clases 16 Horas,No tiene expediente
2017,Se Retiró,Mariana Carranzana,27624126,marianacarranzanamcg@gmail.com,4242803324,7/10/2017,Mater Salvatoris,,9/10/2017,,Apoyo temporal por suspencion de clases 16 Horas,No tiene expediente
2017,Culminó,Mariana Dominguez,27625328,marianamercedesdca@gmail.com,4241815250,7/10/2017,Mater Salvatoris,,9/10/2017,,Realizo Economias de Fichas,No tiene expediente
2017,Culminó,Mariana Sardi,27770784,mmsardib@gmail.com,4241635565,2/9/2017,Mater Salvatoris,,4/9/2017,15/9/2017,,No tiene expediente
2017,Culminó,Monica Petrilli,27246251,monipetrilli@hotmail.com,4143271274,2/9/2017,Mater Salvatoris,,,,Bambi esta a la espera de que realice un solicitud por correo,No tiene expediente
2017,Culminó,Liseth Angely Carrero,27.793.389,micielo.g@hotmail.com,4123059808,,Nazaret,,16/6/2017,25/8/2017,"Hubo inconvenientes con esta alumna por invitar a las adolescentes a su casa, intercambio telefonos con las adolescentes.",No tiene expediente
2017,Culminó,Daniela Osuna,29686380,danielaisabella2002@gmail.com,41270688344,4/11/2017,Nazaret,,13/11/2017,12/12/2018,,No tiene expediente
2017,Culminó,David Mazza,29615067,davidmazzarequena@gmail.com,4160327453,4/11/2017,Nazaret,,13/11/2017,12/12/2018,,No tiene expediente
2017,Sin Iniciar,Daniel Martinez,27995383,danielmp4820@gmail.com,4142247465,4/11/2017,Nazaret,,,,,Exp eliminado. Solo tenía planilla de Identificación
2017,Sin Iniciar,Maryangel Hernadez,28028935,maryangelh_7@hotmail.com,4167001530,4/11/2017,Nazaret,,13/11/2017,5/12/2017,,No tiene expediente
2017,Inconcluso,Ana Gabriela Jimenez Plaza,28.301.960,Anagabrielajim@gmail.com,0414 1063484,,Santiago de León de Caracas,,31/3/2017,,"no volvió más, se le envió correo suspendiendo su labor social",No tiene expediente
2017,Inconcluso,Maria Valentina Meignen Rogic,27.454.674,Vmeignenrogic@gmail.com,0414 0125376,,Santiago de León de Caracas,,31/3/2017,,"no volvió más, se le envió correo suspendiendo su labor social",No tiene expediente
2017,Inconcluso,Sofia Siero Linares,29.621.600,sofia.sieirolinares@gmail.com,4141379190,,Santiago de León de Caracas,,10/3/2017,,"no volvió más, se le envió correo suspendiendo su labor social",No tiene expediente
2017,Inconcluso,Valerie Negron García,29537663,negronv17@gmail.com,0424 1651425,,Santiago de León de Caracas,,9/3/2017,,"no volvió más, se le envió correo suspendiendo su labor social",No tiene expediente
2017,Culminó,Natasha Abreu,27.138.486,natashabreu13@hotmail.com,0414 4044276,,San José de Tarbes,,30/3/2017,19/6/2017,,No tiene expediente
2017,Sin Iniciar,Ana Victoria Marquez,,annactunam@gmail.com,4140141835,9/12/2017,San Ignacio Loyola,,,,,No tiene expediente
2017,Sin Iniciar,Ana Laura Marquez,,annalauramarquez@gmail.com,4141097534,9/12/2017,San Ignacio Loyola,,,,,No tiene expediente
2017,Culminó,Stanley Bermejo,,Stanley_2610@hotmail.com,4241694090,9/12/2017,Santa Teresa,,18/12/2017,22/12/2017,,No tiene expediente
2017,Culminó,Shantall Ramos,,shantall.healy@hotmail.com,4248303132,9/12/2017,Santa Teresa,,18/12/2017,22/12/2017,,No tiene expediente
2017,Culminó,Winderly Sarmiento,,windealex21032gmail.com,4241303106,9/12/2017,Santa Teresa,,18/12/2017,22/12/2017,,No tiene expediente
2017,Culminó,Alejandro Díaz,,alediazmarcano@hotmail.com,0426-3052972,,Teresiano La Castellana,,28/3/2017,,Solo hizo 9 horas y luego decidió no seguir por email y en llamada realizada el 19/06/17. No retiró carta de culminación,No tiene expediente
2018,Culminó,Gabriela Rengifo,28410423,gabrielandreina11@gmail.com,4162083747,,Americo Vespucio,,15/1/2018,24/4/2018,,Exp eliminado. Solo tenía planilla de Identificación
2018,Culminó,Karelis Rojas,27488627,karolitatokyoghoul@gmail.com,4141274506,,Americo Vespucio,,16/1/2018,24/4/2018,,Exp eliminado. Solo tenía planilla de Identificación
2018,Sin Iniciar,Greissy Liliana Prieto,27789165,greissy007@gmail.com,4167286611,18/5/2018,Alberto Muller Rojas,,,,Se le contacto en el mes de Junio para dar inicio a su labor social y no se obtuvo respuesta,Exp eliminado. Solo tenía planilla de Identificación
2018,Sin Iniciar,Oriana Pintos,27794605,oriana.pintos@gmail.com,4262320869,18/5/2018,Alberto Muller Rojas,,,,"Desea ser voluntaria, ya que ya habia realizado en otra Institución se le contacto y no se obtuvo respuesta",Exp eliminado. Solo tenía planilla de Identificación
2018,Culminó,Alejandra Iglesias Labrador,28058817,alejandraiglesiaslabrador@yahoo.com,4168071996,8/10/2017,Integral el Ávila,,1/11/2017,30/7/2018,,Posee documentación
2018,Culminó,Domenico D'Ignazi,28155181,domenicodignazi@gmail.com,4241352004,17/2/2018,Los Arcos,,9/3/2018,21/9/2018,Realizó de principio de año hasta septiembre 31 Horas. Se le entrego constancia en el mes de Octubre 2018,Posee documentación
2018,Culminó,Cristina Chacon,27038669,cristinachacon90@yahoo.com.ve,4242749942,19/10/2017,Los Arrayanes II,,11/12/2017,18/5/2018,Continua como Voluntaria,Posee documentación
2018,Se retiró,Maria Victoria Curti,29537071,vickicurtils@gmail.com,4143552125,22/11/2017,Los Arrayanes II,,19/1/2018,17/8/2010,Supendida por inasistencia,Exp eliminado. Solo tenía planilla de Identificación
2018,Se retiró,Meriland Ramirez,28143328,maryland2000@gmail.com,4241749097,19/10/2017,Los Arrayanes II,,11/12/2017,9/2/2018,No continuara su labor social con nosotros,Posee documentación
2018,Culminó,Ana Leonor Contreras,27.814.865,ana.contreras@tbscaracas.com,4122113881,4/10/2017,TBSC,,4/10/2017,19/11/2018,"Iniciaron en el 2017, pararon en la vacaciones y retomaron el 21 de Octubre. Se le entregó constancia de voluntariado el lunes 19 Noviembre",Posee documentación
2018,Culminó,Kenneth Olavarria,,kenneth.olavarria@tbscaracas.com,4142763096,4/10/2017,TBSC,,4/10/2017,19/11/2018,"Iniciaron en el 2017, pararon en la vacaciones y retomaron el 21 de Octubre",Exp eliminado. Solo tenía planilla de Identificación
2018,Culminó,Victoria Ramirez,28.080.791,victoria.ramirez@tbscaracas.com,4122202852,4/10/2017,TBSC,,4/10/2017,19/11/2018,"Iniciaron en el 2017, pararon en la vacaciones y retomaron el 21 de Octubre",Posee documentación
2018,Se Retiró,Gabriellys Prieto,28321628,gabriellyssinai@gmail.com,4122145388,7/10/2017,CIAL,,17/1/2018,,No inicio en fecha,Exp eliminado. Solo tenía planilla de Identificación
2018,Culminó,Meili Guaman,28302526,meiliguaman@hotmail.com,4241274913,19/10/2017,CIAL,,5/12/2017,20/2/2018,,Posee documentación
2018,Culminó,Yelitza Guaman,28302513,yeli-adri@hotmail.com,4143694894,19/10/2017,CIAL,,5/12/2017,20/2/2018,,Posee documentación
2018,Se retiró,Gabriel Alexander Velasquez Navas,28.426.489,Alexander_26navas@hotmail.com,4128066785,,Colegio Ceferino Alegría,,22/10/2018,8/11/2018,"se retiró, no volvió, tampoco envió correo, luego que se le llamó la atención por su comportamiento y la de sus companeros",Exp eliminado. Solo tenía planilla de Identificación
2018,Se retiró,Roger Parra,29508173,rogerparra13@gmail.com,4143014164,,Colegio Ceferino Alegría,,43395,,"se retiró, no volvió, tampoco envió correo, se envió correo el 9Nov. No respondió",Exp eliminado. Tenía planilla y excel sin asistencia.
2018,Sin Iniciar,Ainoha Hurtado,30619782,ainhoahurtadog@gmail.com,4125883654,25/1/2018,Nuestra Señora de la Consolación,,23/3/2018,,"Se inicio el proyecto el dia Miercoles 28/03 (pero no hay registro en Control de asistencia, a la espera de la continuacion en Bambi III/ Proyecto inconcluso Amo a mis mascotas",Exp eliminado. Solo tenía planilla de Identificación
2018,Se retiró,Maria Victoria Sierra,29595210,mariavicky1308@hotmail.com,2125784765,19/10/2017,Nuestra Señora de la Consolación,,17/1/2018,22/2/2018,NO REALIZARA LABOR SOCIAL CON NOSOTROS,Exp eliminado. Solo tenía planilla de Identificación
2018,Se retiró,Gabriela Naranjo Marquez,28484600,gnaranjomarquez@icloud.com,4242352262,15/3/2018,Nuestra Señora de la Consolación,,9/4/2018,31/5/2018,No culmino su labor social,Exp eliminado. Solo tenía planilla de Identificación
2018,Culminó,Joselin Perez,28.331.911,joselin1804@hotmail.com,4241837364,30/7/2018,Cristo Rey,,31/7/2018,21/8/2018,Excelente apoyo. Destacada. No se le entrgó reconocimiento el día voluntario Bambi porque no podía asistir,Posee documentación
2018,Culminó,Paula Iturriza,29.731.048,paulaiturriza2012@gmail.com,4169389112,30/7/2018,Cristo Rey,,1/8/2018,22/8/2018,Excelente apoyo. Destacada. Se le entregó reconocimiento el día del Voluntario Bambi 2018,Posee documentación
2018,Culminó,Isabella Oramas,28.101.642,isaoramas09@gmail.com,4169322851,30/7/2018,Cristo Rey,,6/8/2018,18/9/2018,,Posee documentación
2018,Culminó,Alexandra Oramas,30.124.529,alexandraoramasrv@gmail.com,4165393999,30/7/2018,Cristo Rey,,6/8/2018,18/9/2018,,Posee documentación
2018,Culminó,Mariana Paquin,,maripaquin0831@gmail.com,242723129,2/9/2017,Emil Friedman,,9/9/2017,24/2/2018,Se le entregó reconocimiento el día Voluntario Bambi 2018,Posee documentación
2018,Sin Iniciar,Liusmar Farias,27941337,farias.liusmar@gmail.com,4263197049,19/10/2017,Formacion Integral 12 de Febrero,,15/1/2018,16/4/2018,NO REALIZARA LABOR SOCIAL CON NOSOTROS,Exp eliminado. Solo tenía planilla de Identificación
2018,Culminó,Alessia Magdalena Stassi Sierich,27441611,alessiastasi@gmail.com,4125547312,9/12/2017,Humboldt,,5/3/2017,8/3/2018,Entregada,Posee documentación
2018,Sin Iniciar,Arturo Jaimes,27788656,arturo.jaimes00@gmail.com,4166231989,9/12/2017,Humboldt,,,,Se le llamo en reiteradas ocaciones para dar inicio a su labor social y no se obtuvo respuesta,Exp eliminado. Solo tenía planilla de Identificación
2018,Sin Iniciar,Ivana Sanchez,29.776.685,ivanitasanchez@gmail.com,4265180404,25/1/2018,Maria Axuliadora,,,,Se le envio correo y no se obtuvo respuesta,Exp eliminado. Solo tenía planilla de Identificación
2018,Culminó,Valeria Saglimbeni,29621445,valvero@live.com,4129057005,25/1/2018,Maria Axuliadora,,2/3/2018,27/7/2018,,Posee documentación
2018,Culminó,Arianna Lemus,27788662,hormigaamarilla@gmail.com,4162097062,30/7/2018,Mater Salvatoris,,6/8/2018,22/8/2018,"El día que se le entregó la carta de culminación, al finalizar la tarde la estudiante le gritó a una nina de Bambi 3, la Psicologa reportó el incidente, se informó a la Prof del colegio para que verifique el caso. Por parte de Bambi, no hay nada que hacer.",Posee documentación
2018,Culminó,Adriana Ferreira,28155638,adrianaferreira242001@gmail.com,4169337737,30/7/2018,Mater Salvatoris,,1/8/2018,22/8/2018,,Posee documentación
2018,Culminó,Camila De Lima,27.788.662,camiladelimag@gmail.com,4125561979,14/8/2018,Mater Salvatoris,,20/8/2018,22/9/2018,"Se quedó como Voluntaria, ha sido reconocida en Fipan 2018 como voluntaria adolescente",Posee documentación
2018,Culminó,Cristina Garrido,28.324.532,cristinagarrido7@hotmail.com,4122643415,30/7/2018,Mater Salvatoris,,17/9/2018,21/9/2018,,Posee documentación
2018,Culminó,Eugenia Medina,28.472.850,eumedinaolmos@gmail.com,4142611144,14/8/2018,Mater Salvatoris,,20/8/2018,14/9/2018,,Posee documentación
2018,Culminó,Isabella Pizzolante,27.670.688,ipizzolante11@gmail.com,4242304892,30/7/2018,Mater Salvatoris,,9/8/2018,16/8/2018,,Posee documentación
2018,Culminó,Valeria Rondon,27.670.434,val-rondon2011@hotmail.com,4242130308,30/7/2018,Mater Salvatoris,,9/8/2018,18/9/2018,,Posee documentación
2018,Culminó,Maria Valeria de Sousa,27.670.780,mariavaleria.desousa@gmail.com,58 414 241 9747,14/8/2018,Mater Salvatoris,,20/8/2018,24/8/2018,,Posee documentación
2018,Sin Iniciar,Maria Victoria Griffin,27670326,mavickygriffin@gmail.com,4143156111,30/7/2018,Mater Salvatoris,,,,escribió correo el 6 agosto informando que no podía iniciar se va de vacaciones,Exp eliminado. Solo tenía planilla de Identificación
2018,Culminó,Nathalia Herrera,28.472.306,nathaliaHerrera.s@hotmail.com,4122702111,14/8/2018,Mater Salvatoris,,24/8/2018,,,Posee documentación
2018,Culminó,Patricia Zubiaur,29.625.005,zubiaurpatricia@gmail.com,4264135373,30/7/2018,Mater Salvatoris,,6/8/2018,20/8/2018,,Posee documentación
2018,Culminó,Alexander Moreno,28028393,amoretroco@gmail.com,4263045601,17/2/2018,Nazaret,,6/3/2018,17/4/2018,,Posee documentación
2018,Culminó,Diana Mejias,28246920,dianabeatrizmejia@hotmail.com,4247642363,4/11/2017,Nazaret,,1/2/2018,21/3/2018,,Exp eliminado. Solo tenía planilla de Identificación
2018,Sin Iniciar,Fabiana Castañeda,28447104,fabianalejandragar@gmail.com,4264200519,4/11/2017,Nazaret,,,,NO REALIZARA LABOR SOCIAL CON NOSOTROS,No tiene expediente
2018,Culminó,Henry Franco,28426481,henryfconquista@hotmail.com,4125871283,17/2/2018,Nazaret,,6/3/2018,17/4/2018,,Posee documentación
2018,Sin Iniciar,Javier Strocchia,28448444,javier.alejandro05@hotmail.com,4261050996,25/1/2018,Nazaret,,,,NO INICIO LABOR SOCIAL NI SE COMUNICO CON NOSOTROS,Exp eliminado. Solo tenía planilla de Identificación
2018,Culminó,Joseph Zambrano,27659685,joseph69829@gmail.com,4149014531,17/2/2018,Nazaret,,6/3/2018,17/4/2018,,Posee documentación
2018,Culminó,Francisco Javier Castro,27794901,francisco castro10@hotmail.com,4129842021,16/4/2018,Nazaret,,17/4/2018,2/5/2018,,Exp eliminado. Solo tenía planilla de Identificación
2018,Culminó,Mariany Aragon,27661125,angeeeellypues@hotmail.com,4242773751,12/4/2018,Nazaret,,18/4/2018,4/5/2018,,Exp eliminado. Solo tenía planilla de Identificación
2018,Inconcluso,Arianna Valentina Brito Pulido,28492310,arianna.valentinab@gmail.com,4149020448,17/2/2018,Nuestra Señora del Carmen,,26/3/2018,,Se le realizo llamada telefonica en Julio 2018 no se obtuvo respuesta para el inicio de labor social durante el periodo vacacional,No tiene expediente
2018,Culminó,Maritery Sanchez,29529516,mariteri3008@hotmail.com,4142509694,21/6/2018,Nuestra Señora del Pilar,,2/7/2018,18/7/2018,,Posee documentación
2018,Culminó,Hefziba Jiret Barrios Pacheco,28481301,hejziba_jireh@hotmail.com,2126819764,18/7/2018,Nuestra Señora del Pilar,,25/7/2018,25/8/2018,,Posee documentación
2018,Culminó,Barbara Valentina Diaz Silva,28300299,bebesithamalik@gmail.com,2124840789,18/7/2018,Nuestra Señora del Pilar,,25/7/2018,25/8/2018,,Posee documentación
2018,Culminó,Orlenys Tarazona,28.494.025,lenytarazona@gmail.com,4242577866,19/11/2018,Nuestra Señora del Pilar,,6/12/2018,21/12/2018,,Posee documentación
2018,Culminó,Jhanny Sierra,27294655,jhannysierra@gmail.com,4241745365,17/2/2018,Santa Ana,,19/2/2018,20/3/2018,,Posee documentación
2018,Culminó,Wilmeidry Velasquez,30145372,wilmwidry@hotmail.com,4129222425,17/2/2018,Santa Ana,,19/2/2018,21/3/2018,,Posee documentación
2018,Se retiró,Romarsi Mercedes Salazar Negrette,28461234,romarsiroxi@gmail.com,4140188281,15/3/2018,Santa Monica,,11/4/2018,,Se converso con su representante el cual informo que la estudiante retomara su labor social al reincorporarse a las actividades escolares. Se envió correo el 13 Sep preguntando si requería de carta de culminación por las horas realizadas,Exp eliminado. Solo tenía planilla de Identificación
2018,Sin Iniciar,Sabrina Alejandra Yanez Yerena,28326522,sabrinaalejandrayanezy@gmail.com,4125546690,15/3/2018,Santa Monica,,,,se le envio correo para que indicara los dias disponibles y aun no se tiene respuesta,No tiene expediente
2018,Inconcluso,Alejandro Mazziota,29661028,alejandro.mazziotta@colegiosi.org,4166341630,25/1/2018,San Ignacio Loyola,,28/3/2018,,"Se presentaron bajo el esqueme de un proyecto, en el cual realizaron la primera actividad en Hogar Bambi Enlace se les invito a una segunda actividad en Bambi III no se obtuvo respuesta.",Exp eliminado. Solo tenía planilla de Identificación
2018,Inconcluso,Ricardo Mazziota,30330786,ricardo.mazzotta2022@colegiosi.org,4265189978,25/1/2018,San Ignacio Loyola,,28/3/2018,,"Se presentaron bajo el esqueme de un proyecto, en el cual realizaron la primera actividad en Hogar Bambi Enlace se les invito a una segunda actividad en Bambi III no se obtuvo respuesta.",Exp eliminado. Solo tenía planilla de Identificación
2018,Culminó,Santiago Pereira,30.124.025,ss.pereira.vzla@gmail.com,4142520674,28/7/2018,San Ignacio Loyola,,30/7/2018,17/8/2018,,Exp eliminado. Solo tenía el archivo excel
2018,Sin Iniciar,Alejandra Gomes,28.386.730,alejandragomesa@gmail.com,4140270990,9/12/2017,San José de Tarbes,,,,"Al contactar las estudiantes para el inicio de labor social no se obtuvo respuesta 

",Exp eliminado. Solo tenía planilla de Identificación
2018,Sin Iniciar,Andrea Chehade,29.508.921,andreachehade12@gmail.com,4125885298,21/12/2017,San José de Tarbes,,,,"Al contactar las estudiantes para el inicio de labor social no se obtuvo respuesta 

",Exp eliminado. Solo tenía planilla de Identificación
2018,Sin Iniciar,Carmen Siguenza,28.472.296,siguenzaccarmen@gmail.com,4143212808,9/12/2017,San José de Tarbes,,,,"Al contactar las estudiantes para el inicio de labor social no se obtuvo respuesta 

",Exp eliminado. Solo tenía planilla de Identificación
2018,Sin Iniciar,Juan Torres,28.318.866,juanci.torres@gmail.com,4123932525,9/12/2017,San José de Tarbes,,,,"Al contactar las estudiantes para el inicio de labor social no se obtuvo respuesta 

",Exp eliminado. Solo tenía planilla de Identificación
2018,Sin Iniciar,Maria Victoria Garcia,28.333.233,mariavictoriagarcia123@gmail.com,4242783161,12/3/2018,San José de Tarbes,,,,"Al contactar las estudiantes para el inicio de labor social no se obtuvo respuesta 

",Exp eliminado. Solo tenía planilla de Identificación
2018,Culminó,Anabella Rodriguez,30124506,anabellarh27@hotmail.com,4241037893,17/2/2018,Santiago de León de Caracas,,23/2/2018,29/6/2018,,Exp eliminado. Solo tenía planilla de Identificación
2018,Culminó,Isabela Linares,29954646,isalinaresizturiz@gmail.com,4241787728,17/2/2018,Santiago de León de Caracas,,23/2/2018,29/6/2018,,Exp eliminado. Solo tenía planilla de Identificación
2018,Culminó,Maria Fernanda Pestana,30030408,mafepestana93@gmail.com,4142263442,17/2/2018,Santiago de León de Caracas,,2/3/2018,29/6/2018,,Exp eliminado. Solo tenía planilla de Identificación
2018,Culminó,Miranda Castro,30165721,miricastrom10@gmail.com,4242499002,17/2/2018,Santiago de León de Caracas,,2/3/2018,29/6/2018,,Exp eliminado. Solo tenía planilla de Identificación
2018,Culminó,Nicolle Garban,29265975,nicole.garban@gmail.com,4265124123,17/2/2018,Santiago de León de Caracas,,2/3/2018,29/6/2018,,Exp eliminado. Solo tenía planilla de Identificación
2018,Culminó,Valeria Prieto Medina,30248262,valeriaprieto22@gmail.com,4141545003,17/2/2018,Santiago de León de Caracas,,23/2/2018,29/6/2018,,Exp eliminado. Solo tenía planilla de Identificación
2018,Sin Iniciar,Jhonaiker Diaz,,jhonaikerdiaz@hotmail.com,4149130143,9/12/2017,Tirso de Molina,,,,Se le contacto para el inicio de su labor social y no se obtuvo respuesta,Exp eliminado. Solo tenía planilla de Identificación
2018,Sin Iniciar,Sherezade Montenegro,,sherezademontenegrosoler@gmail.com,4262197430,9/12/2017,Tirso de Molina,,,,Se le contacto para el inicio de su labor social y no se obtuvo respuesta,Exp eliminado. Solo tenía planilla de Identificación
2019,Se retiró,Maryangel Neysmar Castillo Mavares,30.429.946,mary_castillo_31@outlook.es,2128720828,7/9/2019,Antonio José de Sucre,,3/10/2019,,solo fue un día y no volvió más ni envió correo,Exp eliminado. Tenía planilla y excel con una sola asistencia.
2019,Culminó,Andreina Idler,29.625.635,andre.idler08@gmail.com,4123335062,27/4/2019,Champagnat,,9/7/2019,29/8/2019,,Posee documentación
2019,Culminó,Andrés Forero,28.318.318,andresale.fq@gmail.com,4242305590,23/3/2019,Champagnat,,9/7/2019,29/8/2019,,Posee documentación
2019,Culminó,María Angélica Ibarra Luces,29662101,marylovee214@gmail.com,4241601773,27/7/2019,Champagnat,,6/8/2019,20/8/2019,falta carta colegio,Posee documentación
2019,Culminó,Raúl Perales,28.472.351,raulperalesfavrin@gmail.com,,23/3/2019,Champagnat,,22/7/2019,8/8/2019,falta carta colegio.,Posee documentación
2019,Culminó,Esteban Santiago,29677307,<estebansant30@gmail.com>,4143179400,20/9/2019,Champagnat,,24/9/2019,18/12/2019,,Posee documentación
2019,Culminó,Ángel Julián Breda Rojas,29706358,angelbreda11@gmail.com,4125016590,19/10/2019,Champagnat,,12/12/2019,3/3/2020,,Posee documentación
2019,Culminó,Maria Alejandra Padrón,29.887.142,<marialepadrest@gmail.com>,4127397453,14/12/2019,Champagnat,,19/12/2019,31/12/2019,,Posee documentación
2019,Culminó,Jeffrey Negron,30.035.184,jeffreynegron03@gmail.com,2124820904,8/10/2018,Colegio Ceferino Alegría,,22/10/2018,18/1/2019,se envió carta culminación digital 19/06/19,Posee documentación
2019,Culminó,María De Los Angeles Carmona Maneiro,28.490.831,kingmacceg@gmail.com,4142295701,8/10/2018,Colegio Ceferino Alegría,,22/10/2018,18/1/2019,varias veces dijo que volvería y en Junio pidió carta culminación. Se envía carta culminación el 19/07/19,Posee documentación
2019,Culminó,Rafael Perdomo,29.664.124,Rafael.perdo@gmail.com,4126989672,8/10/2018,Colegio Ceferino Alegría,,22/10/2018,18/1/2019,se envió carta culminación digital 19/06/19,Posee documentación
2019,Suspendido,Melanie Mariana Mendoza Marcano,28.494.622,<mel300229@gmail.com>,4129603382,7/11/2019,CIAL,,4/12/2019,,no regresó ni respondió los correos,Verificar
2019,Culminó,Alejandra Falcon,29.537.550,alefalcon2002@gmail.com,4241729776,8/10/2018,Cristo Rey,,16/10/2018,20/9/2019,"se le envió correo el 11/06/19 para verificar si desea la carta de culminación por las horas de apoyo realizadas. Ya que nunca más volvió ni respondió los correos, se optó por enviar carta Culminación",Posee documentación
2019,Culminó,Victoria Knuth,29.662.587,vakm02@gmail.com,4149379191,8/10/2018,Cristo Rey,,16/10/2018,5/2/2019,,Posee documentación
2019,Sin Iniciar,Federica Eugenia Mosillo Gonzalez,29621127,fedemosillo@gmail.com,58 414 2640272,6/5/2019,Cristo Rey,,,,esperando propuesta,Exp eliminado. Solo tenía planilla de Identificación
2019,Esperando Propuesta,Michelle Pesce,29.611.269,grachialono@gmail.com,4126157912,7/11/2019,Cristo Rey,,,,se envió correo verificando si tiene interés aún en labor social,Exp eliminado. Solo tenía planilla de Identificación
2019,Esperando Propuesta,Angelo Alessandro Cammarata De La Torre,29.922.621,angelodlt02@gmail.com,4129002931,7/11/2019,Francisco Salias,,,,se envió correo verificando si tiene interés aún en labor social,No encontré el expediente ni el colegio
2019,Culminó,Ruben Dario Fonseca Silvestri,29576550,saucofonseca@gmail.com,4165104964,,Humboldt,,22/7/2019,30/7/2019,,Posee documentación
2019,Esperando Propuesta,Detu Calosso,29664041,detucalosso1@gmail.com,2125500193,,Humboldt,,,,falta propuesta,Exp eliminado. Solo tenía planilla de Identificación
2019,Culminó,Zarath Cabarcas,29.631.790,<zarathcabarcas55@gmail.com>,4242573039,7/11/2019,Juana de Arco,,26/11/2019,4/2/2020,,Posee documentación
2019,Culminó,Carolina González,31.101.352,Carogonza1105@gmail.com,4241317369,20/9/2019,La Rondalera,,25/10/2019,24/1/2020,Se envió carta digitalizada el 20/03/19,Posee documentación
2019,Culminó,María de los Ángeles Llamoza,28.158.417,mallo8a@gmail.com,4123850608,19/11/2018,La Salle,,21/1/2019,2/5/2019,se le envió carta de culminación digitalizada el 11/06/19,Posee documentación
2019,Culminó,Daniela Montoya,29.508.924,danielamontoya73@gmail.com,4125950567,19/11/2018,La Salle,,21/1/2019,4/4/2019,se le envió carta de culminación digitalizada el 11/06/19,Posee documentación
2019,Culminó,Karla Cerqueira,29551293,karlagcscipione@gmail.com,4241729500,6/12/2018,La Salle,,22/1/2019,15/3/2019,Se envió carta digitalizada el 22/03/19,Posee documentación
2019,Culminó,Laia Bofill,28318083,laiabfll258@gmail.com,4242570088,6/12/2018,La Salle,,22/1/2019,,nunca respondió los correos y se le llamó y fue alli que informó que no podía,Posee documentación
2019,Sin Iniciar,Camila Oliveira,28312679,oliveiraleiteca@gmail.com,4129394568,19/1/2019,La Salle,,,,,Exp eliminado. Solo tenía planilla de Identificación
2019,Culminó,Valentina Sánchez,28317583,valendsm0101@gmail.com,4120207776,14/12/2019,La Salle,,19/1/2019,4/2/2019,Se envió carta digitalizada el 20/03/19,Posee documentación
2019,Culminó,Fatima De Caires P,27.941.938,fatimadecaires@gmail.com,4261108257,14/12/2019,La Salle,,19/1/2019,7/2/2019,Se envió carta digitalizada el 20/03/19,Posee documentación
2019,Culminó,Daniela Victoria Pinto ,28324538,<danivic02@gmail.com>,4241630968,27/7/2019,Mater Salvatoris,,2/8/2019,26/8/2019,,Posee documentación
2019,Culminó,Vanessa Duarte Valcarcel,28312902,<mariaelenavalcarcel@gmail.com>,4122107759,27/7/2019,Mater Salvatoris,,6/8/2019,20/8/2019,,Posee documentación
2019,Culminó,María Victoria Ferrer Viera,29.686.806,tviera@venezolano.com,4241315975,15/6/2019,Nuestra Señora de la Consolación,,26/6/2019,1/8/2019,,Posee documentación
2019,Culminó,Joyce victoria Quintero Riera,29.686.746,<joyceballet18@icloud.com>,4129341713,27/7/2019,Nuestra Señora de la Consolación,,5/8/2019,10/9/2019,,Posee documentación
2019,Culminó,Valeria Lucena,29.689.065,valeelucena1402@gmail.com,4241582375,27/7/2019,Nuestra Señora de la Consolación,,5/8/2019,10/9/2019,,Posee documentación
2019,Culminó,Andrea Victoria Villarroel Tablante,29.947.633,andre1dccs@gmail.com,4265190606,19/10/2019,Nuestra Señora de la Consolación,,21/11/2019,12/3/2020,,Posee documentación
2019,Culminó,Hedymar Ortíz,29.965.457,<evelinrrb@gmail.com>,4141073084,19/10/2019,Nuestra Señora de la Consolación,,21/11/2019,27/2/2020,,Posee documentación
2019,Culminó,Fabiana Rebolledo,4142505499,15defaby@gmail.com,4142516272,19/10/2019,Nuestra Señora de la Consolación,,27/11/2019,12/3/2020,,Posee documentación
2019,Culminó,Daniela Alexandra Marin Torres     ,30.514.382       ,daniela.marin1204@gmail.com,4141705232,7/11/2019,Nuestra Señora de la Consolación,,16/12/2019,15/1/2020,,Posee documentación
2019,Culminó,Diana Valentina Marin Torres         ,30.514.384     ,diana.dvmt04@gmail.com,4126306570,7/11/2019,Nuestra Señora de la Consolación,,16/12/2019,15/1/2020,,Posee documentación
2019,Culminó,Daniel Noriega,30.358.316,danielnoriegam2003@gmail.com,4242050555,19/10/2019,Nuestra Señora de Fátima,,6/11/2019,9/3/2020,,Posee documentación
2019,Culminó,Abraham Da Silva,29.678.814,dasilvaabraham1906@gmail.com,4143723804,19/10/2019,Nuestra Señora de Fátima,,11/11/2019,23/1/2020,realizó 37 horas y los últimos días no fue y no informó. Luego en febrero verificó unas horas que dijo había realizado y no fue así,Posee documentación
2019,Culminó,Moises Alejandro Medrano Gonzales,3003156,moymedrano14@gmail.com,0412-7111112,19/10/2019,Nuestra Señora de Fátima,,5/11/2019,30/1/2020,,Posee documentación
2019,Culminó,Anil Infante,30.330.720,infanteanil@gmail.com,0412-963 23 29,19/10/2019,Nuestra Señora de Pompei,,24/10/2019,3/3/2020,,Posee documentación
2019,Culminó,"Ariadna Doria,",29.631.395,avdt2004@gmail.com,0424-1806639,19/10/2019,Nuestra Señora de Pompei,,24/10/2019,3/3/2020,,Posee documentación
2019,esperando propuesta,Ayalid Araujo,31.101.855,ayalidaha@gmail.com,4144805380,19/10/2019,Nuestra Señora de Pompei,,,,,Exp eliminado. Solo tenía planilla de Identificación
2019,esperando propuesta,Claudia Chacón,31.222.056,claudiachaconr727@gmail.com,4126212532,7/11/2019,Nuestra Señora de Pompei,,,,,Exp eliminado. Solo tenía planilla de Identificación
2019,En Proceso,Dylan Gil,30.032.652,<dylangil27@hotmail.com>,4241200108,19/10/2019,Nuestra Señora de Pompei,,24/10/2019,,,Posee documentación
2019,Culminó,Frelliany Alexandra Toro,28.312.976,frelliany202@gmail.com,4141826934,16/2/2019,Nuestra Señora de Pompei,,18/3/2019,30/5/2019,se le envió carta de culminación digitalizada el 11/06/19,Posee documentación
2019,Culminó,Gabriela Grislimar Chacon Bonsanto,31.323.154,gabygchb@gmail.com,4267041165,19/10/2010,Nuestra Señora de Pompei,,8/11/2019,8/11/2019,,Posee documentación
2019,Culminó,Habib G. Oñate H,30.605.529,buky1c@gmail.com,4126032791,7/11/2019,Nuestra Señora de Pompei,,4/12/2019,4/12/2019,,Posee documentación
2019,En Proceso,María Alejandra Torres,31.101.762,alianzaespirieterna@gmail.com,4144805380,19/10/2019,Nuestra Señora de Pompei,,10/12/2019,,,Posee documentación
2019,Culminó,María Fernanda Franco Vega,29.969.995,<mf08franco@gmail.com>,4142428076,19/10/2019,Nuestra Señora de Pompei,,14/11/2019,17/1/2020,iba a iniciar el 11 nov pero se enfermó,Posee documentación
2019,esperando propuesta,Mariangela Bruzual,31.707.934,<mariangelavbu@gmail.com>,4241063333,7/11/2019,Nuestra Señora de Pompei,,,,,Exp eliminado. Solo tenía planilla de Identificación
2019,Culminó,Natasha Gomes,29.611.108,natashagomes05@gmail.com,4241325922,16/2/2019,Nuestra Señora de Pompei,,18/3/2019,30/5/2019,se le envió carta de culminación digitalizada el 11/06/19,Posee documentación
2019,Se retiró,Rosangela Ianni,30.719.493,iannirosangela1b@gmail.com ,4241795347,7/11/2019,Nuestra Señora de Pompei,,2/12/2019,,"realizó 1 hora y media no volvió , no envió correo. Se le envió correo el 17 de diciembre 2019 pero nunca contestó",Exp eliminado. Solo tenía planilla de Identificación
2019,Culminó,Victoria Hinestroza,31.478.868,naboyanki@gmail.com,4143073037,19/10/2019,Nuestra Señora de Pompei,,8/11/2019,11/3/2020,,Posee documentación
2019,Se retiró,Mariana Ianni,31.100.970,iannimarianni@gmail.com,4241662315,7/11/2019,Nuestra Señora de Pompei,,2/12/2019,,"realizó 1 hora y media no volvió , no envió correo. Se le envió correo el 17 de diciembre 2019 pero nunca contestó",Exp eliminado. Solo tenía planilla de Identificación
2019,Sin Iniciar,Sabrina Canelón,28.318.320,sabrinacanelon@gmail.com,4140114220,22/10/2018,San José de Tarbes,,10/1/2019,,"no ha iniciado, ni envió comunicación. Se le envió correo el 5 febrero informando que ya no se aceptaba su propuesta, luego apareció el 21 de febrero sin decir nada. Se le envío mensaje informnado que no podía hacer eso.el 7 marzo 2019",Exp eliminado. Tenía planilla y excel sin asistencia.
2019,Culminó,Kenger Soto,30.497.673,kengerg08@gmail.com,4265122432,22/10/2018,San José de Tarbes,,7/2/2019,7/8/2019,,Posee documentación
2019,Culminó,Veronika Calzadilla,30.098.148,veronikacalzadilla@gmail.com,4128240404,20/9/2019,Santa Teresa,,27/9/2019,21/2/2020,No volvió en dic según plan de apoyo y envió correo 14/01/20 informando que se retiraba porque se le dificulta ir a Bambi.,Posee documentación
2019,Se retiró,Paola Rivas,30.330.500,<paorivas21@gmail.com>,0414 2888846,7/11/2019,Santa Teresa,,27/11/2019,20/12/2019,,Posee documentación
2019,Culminó,César Placid Aguilera,30.138.034,aguilerayhair@gmail.com,4269104501,7/11/2019,Santa Teresa,,27/11/2019,13/3/2020,,Posee documentación
2019,esperando propuesta,Eric Gomes,30.370.614,ericgomesreal@gmail.com,0424-1398314,7/11/2019,Santa Teresa,,,,,Exp eliminado. Solo tenía planilla de Identificación
2019,Suspendido,Fabiana Espinoza,30.329.979,fabinaespinoza0@gmail.com,4123380548,7/11/2019,Santa Teresa,,2/12/2019,20/12/2019,"desde diciembre al hacer 9 horas, no volvió. Se le envió correo de suspensión el 8 enero. Nunca respondio se realizó carta culminacion",Posee documentación
2019,esperando propuesta,Valeria López,30.719.993,valerialopezmaldonado114@gmail.com,4241334917,7/11/2019,Santa Teresa,,,,,Exp eliminado. Tenía planilla y excel sin asistencia.
2019,esperando propuesta,Samuel Ventura,30.579.866,samuelventura2004@gmail.com,4242601412,7/11/2019,Santa Teresa,,,,,Expediente inexistente
2019,Culminó,Yamira Mijares,30.030.668,<yami.alexa13@gmail.com>,4166099430,7/11/2019,Santa Teresa,,19/12/2019,20/5/2020,,Posee documentación
2019,Culminó,Victoria García,30.520.219,vg091004@gmail.com,4263264282,7/11/2019,Santa Teresa,,23/12/2019,29/2/2020,,Posee documentación
2019,Culminó,Amanda López,30.358.647,amandalopez.al37@gmail.com,4142937883,8/10/2018,Santiago de León de Caracas,,1/11/2018,6/6/2019,excelente apoyo,Posee documentación
2019,Culminó,Marena Mujica,30.330.790,30330790@cslc.edu.ve,4129173482,8/10/2018,Santiago de León de Caracas,,15/11/2018,30/5/2019,,Posee documentación
2019,Culminó,Rodrigo Lecuna,30.395.022,rolecma@gmail.com,4142569149,8/10/2018,Santiago de León de Caracas,,30/10/2018,6/6/2019,excelente apoyo,Posee documentación
2019,Culminó,Santiago Flores,31.423.879,31423879@cslc.edu.ve,4242782949,8/10/2018,Santiago de León de Caracas,,15/11/2018,31/5/2019,,Posee documentación
2019,Culminó,Sofía Gutiérrez ,30.613.439,Sofialejandrag@gmail.com,4120988244,8/10/2018,Santiago de León de Caracas,,30/10/2018,6/6/2019,excelente apoyo,Posee documentación
2019,Culminó,Valentina Contreras ,30.225.288,valeainoa@gmail.com,4242420489,8/10/2018,Santiago de León de Caracas,,1/11/2018,6/6/2019,excelente apoyo,Posee documentación
2019,Esperando Propuesta,Andrés Brito,30.715.386,<pichurritoab2005@gmail.com>,4241234717,19/10/2019,Santiago de León,,,,,Exp eliminado. Solo tenía planilla de Identificación
2019,Esperando Propuesta,Matías Djukic,31.253.136,matiasdjukic1@gmail.com>,04241258150 ,19/10/2019,San José de Tarbes,,,,,Expediente inexistente
2019,Esperando Propuesta,Paul Sánchez,31.031.988,paulitosanchezflores@gmail.com,04249209857 ,19/10/2019,Santiago de León,,,,,Exp eliminado. Solo tenía planilla de Identificación
2019,Culminó,Mariana Isabel Pacanins Díaz,27302060,mipacanins@gmail.com,4142887901,29/5/2019,Sierra Grande,,6/7/2019,14/9/2019,en registro hizo 40 horas según sus cuadros 60 horas la estudiante no firmo los cuadros de horas de asistencia pero tiene firmada las horas de apoyo por personal de Bambi. Belkis Herrera verifico las firmas y son validas.,Posee documentación
2019,Se retiró,Sofía Mejías,29.565.826,sofiamejias51@gmail.com,,19/11/2018,Teresiano La Castellana,,19/12/2018,,"Fue un solo día, la mamá llamó para decir que su hija se traumatizó de escuchar a los ninos gritándose que quería cambio a Bambi Enlace y se le dijo que no había cupo",Exp eliminado. Tenía planilla y excel sin asistencia.
2019,Culminó,Daniel Fajardo,28424311,danielfajardot@hotmail.com,4143568025,6/12/2018,Teresiano La Castellana,,12/2/2019,8/8/2019,,Posee documentación
2019,Culminó,Ana Karina García,30.033.427,anakgarciavillegas@gmail.com,2124820751,7/11/2019,Teresiano El Paraíso,,25/11/2019,31/1/2020,,Posee documentación
2019,Esperando Propuesta,LUISANGELY OCHOA ,29.992.487,Luisangely.ochoa1610@gmail.com,4241339309,7/11/2019,Teresiano El Paraíso,,,,,Exp eliminado. Solo tenía planilla de Identificación
2019,Culminó,Maria Fernanda Toro,30030309,mariafernanda.toro@gmail.com,4141394840,19/10/2019,Teresiano El Paraíso,,19/11/2019,30/12/2019,,Posee documentación
2019,Culminó,Samantha Raquel Moros Sánchez,,samanthamoros@gmail.com,0412-3849327,14/12/2019,Teresiano El Paraíso,,20/12/2019,7/1/2020,,Posee documentación
2019,Culminó,Daniela Gil,30.606.171,<danielagtc111@gmail.com>,0426-1208864,14/12/2019,Teresiano El Paraíso,,30/12/2019,12/3/2020,,Posee documentación
2019,Esperando Propuesta,Marialexandra Clemente,29.631.084,<marialexclemente224@gmail.com>,4241835486,14/12/2019,Teresiano El Paraíso,,,,,Exp eliminado. Solo tenía planilla de Identificación
2019,Culminó,José Antonio Adamo,29.686.983,josealtommy@hoymail.com,,19/1/2019,Tirso de Molina,,9/8/2019,6/9/2019,,Posee documentación
2020,Culminó,Leandra Jimenez,31365346,labebehermosa75@gmail.com,4142404191,18/1/2020,Carlos Soublette,,10/2/2020,11/3/2020,hasta antes de cuarentena hizo 26 horas reloj,Posee documentación
2020,Pausado,Maggedith marcano,31087471,<marcanomag2003@gmail.com>,4261020549,18/1/2020,Carlos Soublette,,11/3/2020,,"ofrecí hacer carta explicativa que hizo inducción y fue un día, pero no respondió",Exp eliminado. Tenía planilla y excel sin asistencia.
2020,Esperando Propuesta,Alessandra Ruscica,29678287,alessandra.ruscica@gmail.com,4129866876,18/1/2020,Cristo Rey de Altamira,,,,,Exp eliminado. Solo tenía planilla de Identificación
2020,Sin Iniciar,Eugenia Sucre,24662246,eugeniasucre2002gmail.com,4142324427,18/1/2020,Cristo Rey,,,,después de enviar propuesta informó que no realizaría LS en Bambi por razones ajenas a su voluntad,Exp eliminado. Tenía planilla y excel sin asistencia.
2020,Esperando Propuesta,Anabella Delgado,29537554,anabelladelgado2002@gmail.com,4242830821,18/1/2020,Cristo Rey de Altamira,,,,,Exp eliminado. Solo tenía planilla de Identificación
2020,Esperando Propuesta,Sofia Brillembourg,28.314.787,<sofiabrillembourg@gmail.com>,4242771866,18/1/2020,Cristo Rey de Altamira,,,,,Exp eliminado. Solo tenía planilla de Identificación
2020,Esperando Propuesta,Daniela Saglimbeni,29832072,danielasaglimbeni24@gmail.com,4141503272,18/1/2020,Cristo Rey,,,,,Exp eliminado. Solo tenía planilla de Identificación
2020,Pausado,Gustavo Colina Acosta,29625530,colinagustavo134@gmail.com,4143259177,19/10/2019,Humboldt,,28/10/2019,,envió correo el 30/10/10 que tiene hepatitis. El 13/01/20se envía correo para saber su situación de salud,Exp eliminado. Tenía planilla y excel sin asistencia.
2020,Culminó,Alejandro Jose Torres Castro,28.484.551,alejandroj.torresc@gmail.com,4242126229,7/11/2019,Humboldt,,27/11/2019,11/3/2020,,Posee documentación
2020,Culminó,Brina De Biaggi Donis,29.863.023,bdebiaggidonis@gmail.com,4127247827,14/12/2019,Humboldt,,20/12/2019,5/3/2020,,Posee documentación
2020,Culminó,Valeria Freites,30.679.534,<valeriafreitesv@gmail.com>,0414-8204075 / 0424-4616158,14/12/2019,La Salle,,14/1/2020,5/3/2020,,Posee documentación
2020,Pausado,Gianmarco Formica,29.863.901,<gianmarcoformica1@gmail.com>,4242693514,14/12/2019,La Salle colina,,6/2/2020,,Realizó 12 horas antes de la cuarentena. Debe avisar si desea la carta de culminación,Posee documentación
2020,Culminó,Greycel Piñero,29.947.819,greycel0608.ade.2002@gmail.com,0414-2489071,7/11/2019,Nuestra Señora de la Consolación,,3/2/2019,12/3/2020,,Posee documentación
2020,Culminó,Alessandra Tepedino Cestari ,29935054,alessandracestari317@gmail.com,4125413408,18/1/2020,Nuestra Señora de Pompei,,12/2/2020,13/3/2020,,Posee documentación
2020,Culminó,Shania Rosales,29921584,joserosalesnuevachacao@gmail.com,4123993883,18/1/2020,Parroquial San Ramon Nonato,,17/2/2020,9/3/2020,,Posee documentación
2020,esperando propuesta,Allen Mejías,31145781,Allen_Mejias@outlook.es,4241491137,,Parroquial San Ramon Nonato,,,,,Exp eliminado. Solo tenía planilla de Identificación
2020,culminó,Mariana Briceño,29.631.045,<mariana.brice25@gmail.com>,0414-963-1423,15/2/2020,San Francisco de Sales,,9/3/2020,11/3/2020,,Posee documentación
2020,culminó,Marianna uzcategui,29.686.206,<mariannauzcategui@hotmail.com>,0412-395-7224,15/2/2020,San Francisco de Sales,,9/3/2020,11/3/2020,,Posee documentación
2020,culminó,Tomás Gil,30030892,tommygilbravo@gmail.com,4167030364,23/3/2019,San José de Tarbes,,24/10/2019,6/2/2020,"excelente estudiante, gran apoyo",Posee documentación
2020,Culminó,Marilyn Gonzalez,30.468.123,<marilynz_28@hotmail.com>,4141224705,7/11/2019,Santa Teresa,,6/3/2020,20/5/2020,,Posee documentación
2020,Culminó,Sharon Jerez,30.330.483,sharonaleja500@gmail.com,4241672948,7/11/2019,Santa Teresa,,12/3/2020,20/5/2020,,Posee documentación
2020,En Proceso,Andrea López,31703954,31703954@cslc.edu.ve,4125511614,19/10/2019,Santiago de León de Caracas,,4/11/2020,,,Posee documentación
2020,En Proceso,Antonella Suárez,31136316,31136316@cslc.edu.ve,4142386085,19/10/2019,Santiago de León de Caracas,,13/11/2019,,,Posee documentación
2020,En Proceso,Diego Mendoza,31.082.250,dimendoza05@gmail.com y 31082250@cslc.edu.ve,4242130309,19/10/2019,Santiago de León de Caracas,,11/11/2019,,,Posee documentación
2020,En Proceso,Valentina Roso,30715286,Val Roso <roso.valen@gmail.com>,4125855747,19/10/2019,Santiago de León de Caracas,,8/11/2019,,,Posee documentación
2020,En Proceso,Alena Campos,30888165,30888165@cslc.edu.ve,4129639667,19/10/2019,Santiago de León de Caracas,,13/11/2019,,,Posee documentación
2020,En Proceso,María Alejandra Ortega,30.769.816,ortegamale7@gmail.com,4241453327,19/10/2019,Santiago de León de Caracas,,18/11/2019,,,Posee documentación
2020,En Proceso,Richard Yrady,30.715.365,<richardyrady70@gmail.com>,4242111284,19/10/2019,Santiago de León de Caracas,,22/1/2020,,,Exp eliminado. Tenía planilla y excel sin asistencia.
2020,Se Retiró,Felipe Contreras,29.666.592,felipe.contreras@tbscaracas.com; ,4141365018,Grupal TBSC OCT 2018,TBSC,,nov-19,realizó 2 visitas en novimebre y 2 en enero total de 3 horas. Es hijo de Gretel de la junta directiva,,Posee documentación
2020,Se Retiró,Ricardo Dominguez,29678891,ricardo.dominguez@tbscaracas.com; ,4128265655,Grupal TBSC OCT 2018,TBSC,,nov-19,realizó dos visitas de una hora cada una en noviembre 2019 no volvió ni envió correo,,Posee documentación
2021,Culminó,Alejandro Melchor,31047287,<alejandro.melchor65@lasallelacolina.org.ve>,4241171550,30/1/2021,La Salle,,12/2/2021,14/5/2021,,Posee documentación
2021,Culminó,Ariadni Calderon,31 236 382,<ariadni.calderon65@lasallelacolina.org.ve>,0424 1630537,30/1/2021,La Salle,,12/4/2021,21/5/2021,,Posee documentación
2021,Culminó,Gabriel Molano,30115399,gabriel.molano64@lasallelacolina.org.ve,4122439791,30/1/2021,La Salle,,12/2/2021,14/5/2021,,Posee documentación
2021,Culminó,Giselle Frangie,30329949,<gisellefrangie@gmail.com>,4160142393,30/1/2021,La Salle,,16/3/2021,25/6/2021,,Posee documentación
2021,Culminó,Hadit Camacho,30848790,<hadit.camacho65@lasallelacolina.org.ve>,4141132269,30/1/2021,La Salle,,22/2/2021,4/5/2021,,Posee documentación
2021,Culminó,MIguel Ángel Viloria,30.030.859,miguel.viloria64@lasallelacolina.org.ve y miguelviloria709@gmail.com,4142298379,30/1/2021,La Salle,,29/4/2021,17/6/2021,,Posee documentación
2021,Culminó,Paola Arteaga,30751331,<paola.arteaga65@lasallelacolina.org.ve>,4141963020,30/1/2021,La Salle,,22/2/2021,11/6/2021,,Posee documentación
2021,Culminó,Steffany Perales,31126806,<steffany.perales65@lasallelacolina.org.ve>,4143821770,30/1/2021,La Salle,,22/2/2021,15/10/2021,,Posee documentación
2021,Culminó,Michele Castellanos,30158195,michelecastellanos14@gmail.com,4142352192,27/2/2021,La Salle,,25/5/2021,15/10/2021,"Subio todo lo propuesto, solo espera visita para culminar",Posee documentación
2021,Culminó,Marco Aurelio Ovalles,28.424.770,maor050304@gmail.com,0414 2622978,30/1/2021,San Ignacio Loyola,,23/2/2021,3/7/2021,,Posee documentación
2021,Culminó,Jose Ignacio Francisco Alvarez,30579903,<jose.francisco.2022@colegiosi.org>,4265125597,30/1/2021,San Ignacio Loyola,,29/4/2021,11/10/2021,,Posee documentación
2021,Culminó,Juan Andrés Yglesias Gutiérrez,30.032.955,<juan.yglesias.2022@colegiosi.org,4242846353,30/1/2021,San Ignacio Loyola,,29/4/2021,11/10/2021,,Posee documentación
2021,Culminó,Alfonzo Crimenti,31.045.782,<alfocri25@gmail.com>,4141225622,21/11/2020,Aula Nueva,,20/1/2021,16/3/2021,realizó una serie de varios videos y se le concedio 60 horas debor social,Posee documentación
2021,Culminó,Victoria Perales,30394798,victoriaperales2003@gmail.com,4242405974,7/1/2021,Champagnat,,5/2/2021,11/3/2021,,Posee documentación
2021,Culminó,David Garcia,31046462,<davi.garc.mar@gmail.com>,04125587063 02122342147,7/1/2021,Colegio Francia,,20/1/2021,15/5/2021,Atento y sensible a la actividad con los niños,Posee documentación
2021,Culminó,Daniela Díaz Toimil,30.720.182,<danieladiaztoimil@gmail.com>,4241566881,21/11/2020,Instituo Daewere,,4/1/2021,12/2/2021,,Posee documentación
2021,Culminó,Sarah Alejandra Benitez Arismendi,31.101.623,<sarahbenitezza@gmail.com>,4263999256,21/11/2020,Instituo Daewere,,16/12/2020,8/2/2021,,Posee documentación
2021,Pausado,Camila Santaella,30750812,camisantaella0312@gmail.com,4122872215,23/3/2019,Mater Salvatoris,,7/6/2019,,Reconocimiento por apoyo comunitario destacado en 2020. Día de Voluntario 2020,verificar
2021,Pausado,Fabiana Santaella,31661729,fabisantaella.aponte@gmail.com,412661729,20/9/2019,Mater Salvatoris,,1/9/2019,,Reconocimiento por apoyo comunitario destacado en 2020. Día de Voluntario 2020,verificar
2021,Culminó,Fabiana Fuertes,30.954.418,<fabysf19@gmail.com>,0424-2874755,30/1/2021,Nuestra Señora de la Consolación,,22/2/2021,15/4/2021,,Posee documentación
2021,Culminó,Melissa Casas,30030466,<melissacasass13@gmail.com>,4241583484,27/2/2021,Nuestra Señora de la Consolación,,15/3/2021,11/5/2021,,Posee documentación
2021,Culminó,Victoria Dellán,30411871,<vikydellan@gmail.com>,4143200023,27/2/2021,Nuestra Señora de la Consolación,,15/3/2021,26/6/2021,,Posee documentación
2021,Culminó,Daniela Diaz,30580519,<daniela240916@gmail.com>,4142449814,27/2/2021,Nuestra Señora de la Consolación,,15/3/2021,11/5/2021,,Posee documentación
2021,Culminó,Juan Jose Corrales,30030688,<jjcorralesg@gmail.com>,0412-3925587,27/2/2021,Nuestra Señora de la Consolación,,15/3/2021,28/5/2021,,Posee documentación
2021,Culminó,Jhosselyn María López,30011178,<jhosse5000@gmail.com>,0412 984 48 77,7/1/2021,San Francisco de Sales,,21/1/2021,7/5/2021,,Exp eliminado. Solo tenía planilla de Identificación
2021,Culminó,Kimberly Saraí Coronado Velasco.,30.030.780,<kcoronado306@gmail.com>,0414-928-5542,27/2/2021,San Francisco de Sales,,9/3/2021,14/5/2021,,Posee documentación
2021,Culminó,Fiorella Torrez,30552871,vallefiorella1@gmail.com,4242415678,24/4/2021,Santo Tomás de Aquino,,21/6/2021,7/7/2021,,Posee documentación
2022,Culminó,Fabiana Victoria Fernández Salazar,30751339,fabianafernande386@gmail.com,0424-2915957,25/9/2021,Don Bosco de Altamira,,3/2/2022,8/11/2022,,Posee documentación
2022,Culminó,Esther Daniela Sosa Valero,31.299.012,estherdanielasosavalero@gmail.com,0212-4421777 0424-2168936,27/6/2022,Ave María,,27/6/2022,29/7/2022,,Posee documentación
2022,Se Retiró,Daniela Vega,31025092,dvega0408@gmail.com,4265113536,5/3/2022,La Salle,,,,no culmino y se le dio constancia de horas por 4,Posee documentación
2022,Se Retiró,Maria Isabel Aristeguieta,31.136.593,mariaaristeguieta1@gmail.com,4127203810,5/3/2022,Cristo Rey,,7/4/2021,,"no culmino y se le dio constancia de horas por 4,5",Posee documentación
2022,Se Retiró,Angelin Arianny Pérez Arias,32342375,angelin.p1507@gmail.com,4242700761,17/11/2022,Cristo Rey,,,,,Exp eliminado. Solo tenía planilla de Identificación
2022,Culminó,María Camila Cardona,30947227,Camilacaracas08.03@gmail.com,0424-2508381,5/3/2022,Nuestra Señora de Fátima,,31/5/2021,24/3/2022,"Realizó inducción de voluntarios con su mamá, ""la señora Federica se estará comunicando con usted para decirle que ya yo realice mis horas de labor social Bajo su supervisión y hasta el momento necesito por favor el informe de las horas realizadas gracias"" correo",Posee documentación
2022,Se retiró,Samuel Alfredo González Salazar,31308691,samuelalfredogs15@gmail.com,4126370556,5/3/2022,Santo Tomás de Villanueva,,,,ultimo correo,Exp eliminado. Solo tenía planilla de Identificación
2022,Se retiró,Michelle Angelie Criado Aguilera,30.849.122,michellecriado24@gmail.com,0414-1179123,5/3/2022,Santo Tomás de Villanueva,,,,"36 horas, no culmino y se le dio constancia de horas por 4,5",Exp eliminado. Tenía planilla y excel con una sola asistencia.
2022,Se retiró,Samuel Abraham González Torres,30580489,samuelagonzalezt27@gmail.com,4241302053,5/3/2022,Santo Tomás de Villanueva,,,,,Exp eliminado. Tenía planilla y excel sin asistencia.
2022,Se retiró,Simón Ignacio Márquez,30722146,simonmarquez443@gmail.com,4241668013,17/11/2022,Santo Tomás de Villanueva,,,,,Exp eliminado. Solo tenía planilla de Identificación
2022,Se retiró,Emily Nohemí Ochoa Maldonado,31087940,emily8ita@gmail.com,4242116310,,Formacion Integral 12 de Febrero,,,,no respondio mas,Exp eliminado. Solo tenía planilla de Identificación
2022,Se retiró,Verónica Sofía Vargas Del Pino,31.984.890,,4166354828,11/12/2021,Champagnat,,,,"notifico que iniciaria en julio por que hace natación, debe hacer el proceso de nuevo",Exp eliminado. Solo tenía planilla de Identificación
2022,Culminó,Daniela Idler,31.307.629,vero.vargasdelpino@gmail.com,0424-5339778,11/5/2022,Champagnat,,14/2/2022,28/9/2022,,Posee documentación
2022,Culminó,Viviana Antolino,30821534,vivianaantolino@colegiochampagnatccs.com,4166354828,14/5/2022,Champagnat,,2/7/2022,15/7/2022,,Posee documentación
2022,Se retiró,Nicole Alejandra Ferrer Mata,31.448.281,ferrernicole111@gmail.com,4241538103,19/5/2022,Nuestra Señora de la Consolación,,,,,Exp eliminado. Solo tenía planilla de Identificación
2022,Culminó,Denny Hidalgo,30.715.067,denny.hidalgo.2022@colegiosi.org,0412 9391523,10/7/2021,San Ignacio Loyola,,20/7/2021,,,Posee documentación
2022,Culminó,Diego Méndez,30407985,diego.mendez.2022@colegiosi.org,4241483488,11/12/2021,San Ignacio Loyola,,8/2/2022,,,Posee documentación
2023,Culminó,Gabriel José Fonseca Ferreira,32.104.559,gabogamer30600@gmail.com,0416 724 1053,13/7/2023,Don Bosco de Altamira,,1/8/2023,21/8/2023,20 horas con proyecto de recaudación de hojas de reciclaje y 40 horas de apoyo presencial,Posee documentación
2023,Culminó,Najher Guerra,31.867.271,ramsesguevara44@gmail.com,4241749689,13/7/2023,Don Bosco de Altamira,,1/8/2023,5/9/2023,20 horas con proyecto de recaudación de hojas de reciclaje y 40 horas de apoyo presencial/ Cristian le hizo carta de culminación del 22 de sept. pero no tiene firma digital.,Posee documentación
2023,Culminó,José Daniel Toro Gómez,32.375.332,jdanieltorogcva@gmail.com,0424-2961925,13/7/2023,Teresiano El Paraíso,,7/8/2023,8/9/2023,120 horas,Posee documentación
2023,Culminó,Andrés Torrellas,31.587.274,andrestorrellas2707@gmail.com,0424-145-6666,17/11/2022,Niño Jesús de Praga,,,4/4/2023,60 horas,Posee documentación
2023,Culminó,Gabriela Sandoval Prieto,33.390.664,sandovalprietogaby@gmail.com,0412.097.44.35,14/1/2023,Nuestra Señora de la Consolación,,30/1/2023,14/8/2023,60 horas,Posee documentación
2023,Culminó,Sarah Sandoval Prieto,33.390.663,sandovalprietosarah@gmail.com,0412.022.28.65,14/1/2023,Nuestra Señora de la Consolación,,30/1/2023,14/8/2023,60 horas,Posee documentación
2023,Culminó,Alejandra Caldoni,30.538.837,ale.caldoni@gmail.com,4242029797,4/3/2023,San Ignacio Loyola,,24/3/2023,24/5/2023,,Posee documentación
2023,Culminó,Mariam Navarro,30719491,mariamnavarro2005@gmail.com,4165198885,29/4/2023,San Ignacio Loyola,,24/5/2023,24/5/2023,,Posee documentación
2023,Culminó,Samantha García Hadamovsky,31.112.800,samanthaipgarciah0@gmail.com,4262145110,17/11/2022,María Santísima,,25/11/2022,,,Posee documentación
2023,Culminó,Mariano Jose Joaquin Garcia Hadamovsky,31.112.799,<marianojjgarcia@gmail.com>,4169127011,17/11/2022,María Santísima,,25/11/2022,,,Posee documentación
2023,Culminó,Gabriela Andreina Trejo Esculpi,30.849.312,gabytrejovzla@gmail.com,0426-1132679,17/11/2022,Agustiniano Cristo Rey,,11/1/2023,22/3/2023,"hizop 69 horas de apoyo de 80 HORAS, 39 presencial y 30 por proyecto de recoleccion de hojas",Posee documentación
2024,Suspendido,Lucia Guzmán Nuñez,35.072.424,luci.gzmn66@gmail.com,0424-1519568,8/2/2024,Aula Nueva,,11/3/2025,,Falta culminar proyecto de recaudación de hojas de reciclaje,Posee documentación
2024,Culminó,Andy Javier Riera,32.517.744,andyriera525@gmail.com,0424-177-30-19,3/7/2024,Formacion Integral 12 de Febrero,,23/7/2024,26/9/2024,,Posee documentación
2024,Culminó,Alana Brewer,32.333.797,alanabrewer27@gmail.com,0414-9322507,13/7/2023,Campo Alegre,,14/10/2024,18/10/2024,,Posee documentación
2024,Se retiró,Karen Lombardo,31.823.847,karenlombardo2019etpma@gmail.com,4125550373,3/7/2024,Maria Axuliadora,,31/7/2024,,Manifestó via correo que decidió retirarse por haber encontrado otro lugar donde realizar su labor social,Exp eliminado. Solo tenía planilla de Identificación
2024,Culminó,Alejandro Gómez,30.719.207,alejandrogomezmunoz9@gmail.com,0412-8689352,24/4/2024,La Salle,,13/5/2024,27/5/2024,,Posee documentación
2024,Se retiró,Annarella Osorio,33.217.944,anarella2709@gmail.com,4128903083,15/5/2024,La Concepción,,27/5/2024,28/5/2024,"Entregó el Proyecto 30 horas ""Recaudación de hojas de reciclaje"" el 14/06/2024",Posee documentación
2024,Culminó,Brian Alejandro Villafañe,32.697.443,brianvilla2906@gmail.com,0414-1265034,8/2/2024,Ave María,,27/2/2024,15/4/2024,,Posee documentación
2024,Se retiró,Sebastian Soto,,sebastian7sotto7@gmail.com,4242723576,18/1/2024,Bolívar y Freud,,20/2/2024,4/4/2024,Se le realizó constancia de horas de apoyo debido a que no culminó,Posee documentación
2024,Culminó,Isaac Simón Madriz,32.011.397,<isaacmgoitia@gmail.com>,0412-392-52-03,18/1/2024,Nuestra Señora del Carmen,,19/2/2024,19/3/2024,,Posee documentación
2024,Culminó,Keniger Adhael Soto Márquez,32.348.704,keniger.soto@gmail.com,(0426) 5122466,19/1/2024,San José de Tarbes,,5/2/2024,6/5/2024,,Posee documentación
2024,Culminó,Enzo Andres Colmenares Figueroa.,31.101.237,colmenaresenzo1002@gmail.com,0412.831.78.18/0414 .287 .16 .89.,18/1/2024,Santa Teresa,,6/2/2024,15/4/2024,Proyecto Hojas de reciclaje,Posee documentación
2024,Culminó,María Emilia Padilla Sampedro,31.383.126,Mariapadillaemilia3008@colegioteresianolacastellana.web.ve,4242109762,13/7/2023,Teresiano La Castellana,,25/7/2023,19/12/2023,"96,5",Posee documentación
2025,Iniciando,José David Orense Malavé,33.068.799,jose.orense.7mogrado@gmail.com,,31/7/2025,Colegio Patria,,20/8/2025,,,Posee documentación
2025,Iniciando,Gabriel Rodriguez,32.695.982,gabrielrodriguezq@colegiochampagnatccs.com,0424-163-9358,31/7/2025,Champagnat,,18/8/2025,,,Posee documentación
2025,Culminó,Jordano Marcano,32.858.490,jordanomarcano0@gmail.com,0412-3605723,28/1/2025,Churun Meru,,19/2/2025,28/5/2025,,Posee documentación
2025,En Proceso,Camila Rodriguez,33.081.420,anaiss.2411@gmail.com,0412-3337935,11/6/2025,Colegio Fundación Carlos Delfino,,8/7/2025,,,Posee documentación
2025,En Proceso,Gabriel Antonio Ovalles,32.697.826,pekecuchu@gmail.com,0414-2486782,11/6/2025,Nazaret,,30/6/2025,,,Posee documentación
2025,Esperando Propuesta,Andrea Barrios,33.609.899,andreabarrios1902@gmail.com,0424-2005380,31/7/2025,Nazaret,,,,,Exp eliminado. Solo tenía planilla de Identificación
2025,Iniciando,Amlevis López,33.583.180,amlevislopez16@gmail.com,0412-604-3006,31/7/2025,Nazaret,,29/8/2025,,,Posee documentación
2025,Iniciando,Maria Garrido Moya,32.643.585,mandreinamoya@gmail.com,0416-0547858,31/7/2025,Nazaret,,27/8/2025,,,Exp eliminado. Tenía planilla y excel sin asistencia.
2025,Iniciando,Juan Diego Noriega,33.548.385,noriegajuandiego58@gmail.com,0414-2078588,20/3/2025,Bolívar y Freud,,2/4/2025,,,Posee documentación
2025,En Proceso,Rachel Vergara,36.670.980,racheldayelit@gmail.com,0412-2075057,28/1/2025,Juana de Arco,,10/2/2025,,120 horas,Posee documentación
2025,En Proceso,Andrea Lucena,33.113.085,andreavlucena07@gmail.com,4129361093,11/6/2025,Juana de Arco,,7/7/2025,,Ya envio el proyecto faltan las hojas y consignó las hojas,Posee documentación
2025,En Proceso,Sara Ariza,32.503.320,osmarysaravilla@gmail.com,4241798390,11/6/2025,Juana de Arco,,22/7/2025,,Consignó las hojas de reciclaje hoy 05/08/2025,Posee documentación
2025,Iniciando,María Fernanda Pérez,34.356.467,mariferchi.1710@gmail.com,4147774717,11/6/2025,Juana de Arco,,23/7/2025,,Ya envió el proyecto y Consignó las hojas de reciclaje hoy 12/08/2025,Posee documentación
2025,Iniciando,Yennifer Reyes,32.877.525,reyesyennifer112@gmail.com,4125421414,11/6/2025,Juana de Arco,,11/8/2025,,,Posee documentación
2025,Culminó,Isaac Uribe,32055808,iius91107@gmail.com,4127190393,20/3/2025,La Ciencia,,3/4/2025,28/5/2025,Consignó las hojas de reciclaje el 09/06/2025,Posee documentación
2025,En Proceso,Angelina Quishpi,,angelinaquishpi12@gmail.com,4123367714,20/3/2025,Formacion Integral 12 de Febrero,,7/4/2025,,,Posee documentación
2025,Culminó,Diana Labrador,32.697.672,tuutula@gmail.com,0424-1644056,20/3/2025,Colegio San Antonio,,31/3/2025,30/4/2025,Entreg+o hoy 30/04/2025 las hojas de reciclaje,Posee documentación
2025,Culminó,Naibelys Castillo,32.683.074,naicastillo765@gmail.com,0412-9191950,28/1/2025,Los Chagaruamos,,17/2/2025,12/3/2025,Entregó hojas de reciclaje 10/04/2025 (Adriana),Posee documentación
2025,Culminó,Sofía Alvarez,33.433.147.,sofia22sky@gmail.com,,28/2/2025,Tirso de Molina,,25/2/2025,1/4/2025,30/4/2025,Posee documentación
2025,Culminó,Gabriela Hernandez,33.432.888,gabrielaht2010@gmail.com,4142259339,5/12/2024,Nuestra Señora de Pompei,,16/12/2024,17/2/2025,,Posee documentación
2025,Culminó,Sofía Cardozo Duran,34.227.727,cardozoduransofia@gmail.com,4242512969,5/12/2024,Nuestra Señora de Pompei,,16/12/2024,17/2/2025,,Posee documentación
2025,En Proceso,Gonzalo Contreras,32.397.515,gonzalocontreras475@gmail.com,0412-4815304,20/3/2025,Colegio Cervantes,,27/3/2025,,60 horas,Posee documentación
2025,Culminó,Luis Quiaro,32.960.644,luisdqr517@gmail.com,0424-1570137,20/3/2025,Colegio Cervantes,,27/3/2025,12/6/2025,80 horas Consignó hojas el 12/06/2025,Posee documentación
2025,Se Retiró,Sebastian Marcano Torcates,31.448.794,sebasmarcaplay4@gmail.com,4127019034,3/4/2024,Santiago de León de Caracas,,,,,Exp eliminado. Tenía planilla y excel con una sola asistencia.
2025,Culminó,Tatiana Méndez Pose,33.755.556,tatimendez2502@gmail.com,,23/10/2024,Santiago de León de Caracas,,30/10/2024,4/12/2024,,Posee documentación
2025,Culminó,Sofía Briceño,33.755.562,sofibricgo@gmail.com,,23/10/2024,Santiago de León de Caracas,,30/10/2024,4/12/2024,,Posee documentación
2025,Culminó,Andrea Acosta,34019676,t2028002@cslc.edu.ve,4241852034,5/12/2024,Santiago de León de Caracas,,14/1/2024,12/2/2025,,Posee documentación
2025,Culminó,José Antonio García Díaz,32.643.805,joseagd0909@gmail.com,4166960125,23/10/2024,Humboldt,,7/11/2024,22/1/2025,,Posee documentación
2025,Culminó,Ana Valentina Pita,32.856.587,anapita7moacsl@gmail.com,0414-1042523,5/12/2024,San Lucas,,16/12/2024,10/3/2025,,Posee documentación
2025,Culminó,Rodrigo Tabata,32.919.564,rodrigo.tabata26@gmail.com,0424-2765697,23/10/2024,San José de Tarbes,,4/11/2024,15/1/2025,,Posee documentación
2025,Culminó,Camila Rios,32811023,camilariossjt26@gmail.com,4241496633,23/10/2024,San José de Tarbes,,4/11/2024,2/4/2025,,Posee documentación
2025,Culminó,Samantha Biosca Norris,32.397.143,samanthabiosca03@gmail.com,0424-1860651,23/10/2024,San José de Tarbes,,6/11/2024,10/2/2025,,Posee documentación