modulo,linea,motivo,nombre,ci,raw
"labor_social","14","Sin cédula","Carelvi Rovello",,"{""Año"":""2016"",""Estatus"":""Suspendido"",""Nombre y Apellido"":""Carelvi Rovello"",""Cédula de Identidad"":"""",""Email"":""carelvipaolarovello16@gmail.com"",""Teléfono"":""4143985764"",""Fecha de Inducción"":"""",""Colegio / Instituto"":""La Divina Pastora"",""Carrera"":"""",""Fecha de Inicio"":""20/11/2015"",""Fecha de Culminación"":"""",""Observaciones"":""Suspension por conducta inapropiada"",""Otro"":""No tiene expediente""}"
"labor_social","15","Sin cédula","Gabriela Carmona",,"{""Año"":""2016"",""Estatus"":""Suspendido"",""Nombre y Apellido"":""Gabriela Carmona"",""Cédula de Identidad"":"""",""Email"":""gabrielaxd2@gmail.com"",""Teléfono"":""4125544975"",""Fecha de Inducción"":"""",""Colegio / Instituto"":""La Divina Pastora"",""Carrera"":"""",""Fecha de Inicio"":""20/11/2015"",""Fecha de Culminación"":"""",""Observaciones"":""Suspension por conducta inapropiada"",""Otro"":""No tiene expediente""}"
"labor_social","16","Sin cédula","Nayeska Groba",,"{""Año"":""2016"",""Estatus"":""Suspendido"",""Nombre y Apellido"":""Nayeska Groba"",""Cédula de Identidad"":"""",""Email"":""nayeskagioba@gmail.com"",""Teléfono"":""4168139629"",""Fecha de Inducción"":"""",""Colegio / Instituto"":""La Divina Pastora"",""Carrera"":"""",""Fecha de Inicio"":""20/11/2015"",""Fecha de Culminación"":"""",""Observaciones"":""Suspension por conducta inapropiada"",""Otro"":""No tiene expediente""}"
"labor_social","17","Sin cédula","Alessandra Russo",,"{""Año"":""2016"",""Estatus"":""Culminó"",""Nombre y Apellido"":""Alessandra Russo"",""Cédula de Identidad"":"""",""Email"":"""",""Teléfono"":"""",""Fecha de Inducción"":"""",""Colegio / Instituto"":""Humboldt"",""Carrera"":"""",""Fecha de Inicio"":""1/10/2015"",""Fecha de Culminación"":"""",""Observaciones"":""Verificar estatus actual"",""Otro"":""No tiene expediente""}"
"labor_social","18","Sin cédula","Ana Blanco",,"{""Año"":""2016"",""Estatus"":""Culminó"",""Nombre y Apellido"":""Ana Blanco"",""Cédula de Identidad"":"""",""Email"":"""",""Teléfono"":""04166349987"",""Fecha de Inducción"":"""",""Colegio / Instituto"":""Humboldt"",""Carrera"":"""",""Fecha de Inicio"":""2/1/2016"",""Fecha de Culminación"":"""",""Observaciones"":""(Sin Planilla)"",""Otro"":""No tiene expediente""}"
"labor_social","19","Sin cédula","Carlos Pabon",,"{""Año"":""2016"",""Estatus"":""Culminó"",""Nombre y Apellido"":""Carlos Pabon"",""Cédula de Identidad"":"""",""Email"":"""",""Teléfono"":""04262536015"",""Fecha de Inducción"":"""",""Colegio / Instituto"":""Humboldt"",""Carrera"":"""",""Fecha de Inicio"":""4/1/2016"",""Fecha de Culminación"":"""",""Observaciones"":""(Sin Planilla)"",""Otro"":""No tiene expediente""}"
"labor_social","20","Sin cédula","Daniel Jose Torres Castro",,"{""Año"":""2016"",""Estatus"":""Culminó"",""Nombre y Apellido"":""Daniel Jose Torres Castro"",""Cédula de Identidad"":"""",""Email"":""torresdaniel508@gmail.com"",""Teléfono"":""04241515738"",""Fecha de Inducción"":"""",""Colegio / Instituto"":""Humboldt"",""Carrera"":"""",""Fecha de Inicio"":""29/3/2016"",""Fecha de Culminación"":"""",""Observaciones"":"""",""Otro"":""No tiene expediente""}"
"labor_social","21","Sin cédula","Hans Grullon",,"{""Año"":""2016"",""Estatus"":""Culminó"",""Nombre y Apellido"":""Hans Grullon"",""Cédula de Identidad"":"""",""Email"":""hanchu01@gmail.com"",""Teléfono"":""04242121240"",""Fecha de Inducción"":"""",""Colegio / Instituto"":""Humboldt"",""Carrera"":"""",""Fecha de Inicio"":""29/3/2016"",""Fecha de Culminación"":"""",""Observaciones"":""(Sin Planilla)"",""Otro"":""No tiene expediente""}"
"labor_social","22","Sin cédula","Ornella Quintero",,"{""Año"":""2016"",""Estatus"":""Culminó"",""Nombre y Apellido"":""Ornella Quintero"",""Cédula de Identidad"":"""",""Email"":"""",""Teléfono"":""04241271160"",""Fecha de Inducción"":"""",""Colegio / Instituto"":""Humboldt"",""Carrera"":"""",""Fecha de Inicio"":""3/1/2016"",""Fecha de Culminación"":"""",""Observaciones"":""(Sin Planilla)"",""Otro"":""No tiene expediente""}"
"labor_social","23","Sin cédula","Santiago Cona",,"{""Año"":""2016"",""Estatus"":""Culminó"",""Nombre y Apellido"":""Santiago Cona"",""Cédula de Identidad"":"""",""Email"":"""",""Teléfono"":""04122867227"",""Fecha de Inducción"":"""",""Colegio / Instituto"":""Humboldt"",""Carrera"":"""",""Fecha de Inicio"":""1/1/2016"",""Fecha de Culminación"":"""",""Observaciones"":""(Sin Planilla)"",""Otro"":""No tiene expediente""}"
"labor_social","27","Sin cédula","José Andrés Calderón",,"{""Año"":""2016"",""Estatus"":""Inconcluso"",""Nombre y Apellido"":""José Andrés Calderón"",""Cédula de Identidad"":"""",""Email"":"""",""Teléfono"":"""",""Fecha de Inducción"":"""",""Colegio / Instituto"":""Humboldt"",""Carrera"":"""",""Fecha de Inicio"":"""",""Fecha de Culminación"":"""",""Observaciones"":""(Sin Planilla) se intentó contactar y no se logró"",""Otro"":""No tiene expediente""}"
"labor_social","34","Sin cédula","Pedro Hernandez",,"{""Año"":""2016"",""Estatus"":""Culminó"",""Nombre y Apellido"":""Pedro Hernandez"",""Cédula de Identidad"":"""",""Email"":""pedrohernandez_15@hotmail.com"",""Teléfono"":""04268207606 / 02124715857"",""Fecha de Inducción"":"""",""Colegio / Instituto"":""INCE"",""Carrera"":"""",""Fecha de Inicio"":""3/3/2016"",""Fecha de Culminación"":""14/3/2016"",""Observaciones"":"""",""Otro"":""No tiene expediente""}"
"labor_social","59","Sin cédula","Alejandro Pose",,"{""Año"":""2016"",""Estatus"":""Culminó"",""Nombre y Apellido"":""Alejandro Pose"",""Cédula de Identidad"":"""",""Email"":"""",""Teléfono"":""4142087700"",""Fecha de Inducción"":"""",""Colegio / Instituto"":""La Salle"",""Carrera"":"""",""Fecha de Inicio"":""6/1/2016"",""Fecha de Culminación"":"""",""Observaciones"":"""",""Otro"":""No tiene expediente""}"
"labor_social","63","Sin cédula","Juan Duarte",,"{""Año"":""2016"",""Estatus"":""Culminó"",""Nombre y Apellido"":""Juan Duarte"",""Cédula de Identidad"":"""",""Email"":"""",""Teléfono"":""4165285182"",""Fecha de Inducción"":"""",""Colegio / Instituto"":""La Salle"",""Carrera"":"""",""Fecha de Inicio"":""3/1/2016"",""Fecha de Culminación"":"""",""Observaciones"":"""",""Otro"":""No tiene expediente""}"
"labor_social","65","Sin cédula","Maria Duarte",,"{""Año"":""2016"",""Estatus"":""Culminó"",""Nombre y Apellido"":""Maria Duarte"",""Cédula de Identidad"":"""",""Email"":"""",""Teléfono"":""4165285182"",""Fecha de Inducción"":"""",""Colegio / Instituto"":""La Salle"",""Carrera"":"""",""Fecha de Inicio"":""2/1/2016"",""Fecha de Culminación"":"""",""Observaciones"":"""",""Otro"":""No tiene expediente""}"
"labor_social","67","Sin cédula","Roberto Alvarez",,"{""Año"":""2016"",""Estatus"":""Culminó"",""Nombre y Apellido"":""Roberto Alvarez"",""Cédula de Identidad"":"""",""Email"":""roberto2371999@hotmail.com"",""Teléfono"":""4262123550"",""Fecha de Inducción"":"""",""Colegio / Instituto"":""La Salle"",""Carrera"":"""",""Fecha de Inicio"":""11/1/2016"",""Fecha de Culminación"":"""",""Observaciones"":"""",""Otro"":""No tiene expediente""}"
"labor_social","68","Sin cédula","Rodrigo Casaltorres",,"{""Año"":""2016"",""Estatus"":""Culminó"",""Nombre y Apellido"":""Rodrigo Casaltorres"",""Cédula de Identidad"":"""",""Email"":""rcasaltorres@gmail.com"",""Teléfono"":""4143747006"",""Fecha de Inducción"":"""",""Colegio / Instituto"":""La Salle"",""Carrera"":"""",""Fecha de Inicio"":""3/3/2016"",""Fecha de Culminación"":"""",""Observaciones"":""Solo tiene la Ficha de identificacion (sin foto,ni cedula)"",""Otro"":""No tiene expediente""}"
"labor_social","90","Sin cédula","Valentina Varani",,"{""Año"":""2016"",""Estatus"":""Culminó"",""Nombre y Apellido"":""Valentina Varani"",""Cédula de Identidad"":"""",""Email"":"""",""Teléfono"":""4168755843"",""Fecha de Inducción"":"""",""Colegio / Instituto"":""Mater Salvatoris"",""Carrera"":"""",""Fecha de Inicio"":""1/8/2016"",""Fecha de Culminación"":"""",""Observaciones"":"""",""Otro"":""No tiene expediente""}"
"labor_social","107","Sin cédula","Katherine Rodriguez",,"{""Año"":""2016"",""Estatus"":""Culminó"",""Nombre y Apellido"":""Katherine Rodriguez"",""Cédula de Identidad"":"""",""Email"":""k_alejandrar@hotmail.com"",""Teléfono"":""4162926158"",""Fecha de Inducción"":"""",""Colegio / Instituto"":""Nuestra Señora del Carmen"",""Carrera"":"""",""Fecha de Inicio"":""22/1/2016"",""Fecha de Culminación"":"""",""Observaciones"":""En la ficha no hay Copia de la cedula,ni foto"",""Otro"":""No tiene expediente""}"
"labor_social","109","Sin cédula","Wilkary Briceño",,"{""Año"":""2016"",""Estatus"":""Culminó"",""Nombre y Apellido"":""Wilkary Briceño"",""Cédula de Identidad"":"""",""Email"":""willbri_77@hotmail.com"",""Teléfono"":""4262111177"",""Fecha de Inducción"":"""",""Colegio / Instituto"":""Nuestra Señora del Carmen"",""Carrera"":"""",""Fecha de Inicio"":""22/1/2016"",""Fecha de Culminación"":"""",""Observaciones"":""En la ficha no hay Copia de la cedula,ni foto"",""Otro"":""No tiene expediente""}"
"labor_social","111","Sin cédula","Fiorella Guzzo",,"{""Año"":""2016"",""Estatus"":""Culminó"",""Nombre y Apellido"":""Fiorella Guzzo"",""Cédula de Identidad"":"""",""Email"":""lucciolamariadela@gmail.com"",""Teléfono"":"""",""Fecha de Inducción"":"""",""Colegio / Instituto"":""Santiago de León de Caracas"",""Carrera"":"""",""Fecha de Inicio"":""1/10/2015"",""Fecha de Culminación"":""15/5/2016"",""Observaciones"":"""",""Otro"":""No tiene expediente""}"
"labor_social","117","Sin cédula","Diego Nieves",,"{""Año"":""2016"",""Estatus"":""Se retiró"",""Nombre y Apellido"":""Diego Nieves"",""Cédula de Identidad"":"""",""Email"":"""",""Teléfono"":""4143022305"",""Fecha de Inducción"":"""",""Colegio / Instituto"":""Santiago de León de Caracas"",""Carrera"":"""",""Fecha de Inicio"":""25/10/2016"",""Fecha de Culminación"":"""",""Observaciones"":""No ha venido lo que va del ano 2017. decidió culminar la labor en su colegio"",""Otro"":""No tiene expediente"""
"labor_social","119","Sin cédula","Sisi Alvarez",,"{""Año"":""2016"",""Estatus"":""Se retiró"",""Nombre y Apellido"":""Sisi Alvarez"",""Cédula de Identidad"":"""",""Email"":""sissivaleria@gmail.com"",""Teléfono"":""4142662652"",""Fecha de Inducción"":"""",""Colegio / Instituto"":""Santiago de León de Caracas"",""Carrera"":"""",""Fecha de Inicio"":""26/1/2016"",""Fecha de Culminación"":"""",""Observaciones"":""Culminado en el colegio (me in dico en llamada realizada el 19/06/17)"",""Otro"":""Exp el"
"labor_social","120","Sin cédula","Cecilia Castro",,"{""Año"":""2016"",""Estatus"":""Leer Observaciones"",""Nombre y Apellido"":""Cecilia Castro"",""Cédula de Identidad"":"""",""Email"":""cecic2000@gmail.com"",""Teléfono"":""04168362627/ 02125511972"",""Fecha de Inducción"":"""",""Colegio / Instituto"":""San José de Tarbes"",""Carrera"":"""",""Fecha de Inicio"":""24/9/2015"",""Fecha de Culminación"":""2/3/2016"",""Observaciones"":""Aparece lista pero la fecha dice que deberían estar haciendo lab"
"labor_social","121","Sin cédula","Mariangela Rivera",,"{""Año"":""2016"",""Estatus"":""Leer Observaciones"",""Nombre y Apellido"":""Mariangela Rivera"",""Cédula de Identidad"":"""",""Email"":""mariangelarvepe@hotmail.com"",""Teléfono"":""04141510722 / 02125521067"",""Fecha de Inducción"":"""",""Colegio / Instituto"":""San José de Tarbes"",""Carrera"":"""",""Fecha de Inicio"":""24/9/2015"",""Fecha de Culminación"":""2/3/2016"",""Observaciones"":""(no hay planilla)"",""Otro"":""No tiene expediente""}"
"labor_social","122","Sin cédula","Melissa Morales",,"{""Año"":""2016"",""Estatus"":""Leer Observaciones"",""Nombre y Apellido"":""Melissa Morales"",""Cédula de Identidad"":"""",""Email"":""melumorales16@gmail.com"",""Teléfono"":""04143114936 / 02127931785"",""Fecha de Inducción"":"""",""Colegio / Instituto"":""San José de Tarbes"",""Carrera"":"""",""Fecha de Inicio"":""30/9/2015"",""Fecha de Culminación"":""2/3/2016"",""Observaciones"":""(no hay planilla)"",""Otro"":""No tiene expediente""}"
"labor_social","123","Sin cédula","Alejandro Mazziotta",,"{""Año"":""2016"",""Estatus"":""Leer Observaciones"",""Nombre y Apellido"":""Alejandro Mazziotta"",""Cédula de Identidad"":"""",""Email"":"""",""Teléfono"":"""",""Fecha de Inducción"":"""",""Colegio / Instituto"":""San Ignacio Loyola"",""Carrera"":"""",""Fecha de Inicio"":""5/4/2016"",""Fecha de Culminación"":"""",""Observaciones"":""no hay registros"",""Otro"":""No tiene expediente""}"
"labor_social","124","Sin cédula","Daniel Leon Brito",,"{""Año"":""2016"",""Estatus"":""Leer Observaciones"",""Nombre y Apellido"":""Daniel Leon Brito"",""Cédula de Identidad"":"""",""Email"":"""",""Teléfono"":"""",""Fecha de Inducción"":"""",""Colegio / Instituto"":""San Ignacio Loyola"",""Carrera"":"""",""Fecha de Inicio"":""5/4/2016"",""Fecha de Culminación"":"""",""Observaciones"":""no hay registros"",""Otro"":""No tiene expediente""}"
"labor_social","125","Sin cédula","Mauricio Alves",,"{""Año"":""2016"",""Estatus"":""Leer Observaciones"",""Nombre y Apellido"":""Mauricio Alves"",""Cédula de Identidad"":"""",""Email"":"""",""Teléfono"":"""",""Fecha de Inducción"":"""",""Colegio / Instituto"":""San Ignacio Loyola"",""Carrera"":"""",""Fecha de Inicio"":""5/4/2016"",""Fecha de Culminación"":"""",""Observaciones"":""no hay registros"",""Otro"":""No tiene expediente""}"
"labor_social","126","Sin cédula","Ana Mata",,"{""Año"":""2016"",""Estatus"":""Culminó"",""Nombre y Apellido"":""Ana Mata"",""Cédula de Identidad"":"""",""Email"":""ana.gabriela0097@gmail.com"",""Teléfono"":""4123740011"",""Fecha de Inducción"":"""",""Colegio / Instituto"":""Teresiano El Paraíso"",""Carrera"":"""",""Fecha de Inicio"":""13/5/2016"",""Fecha de Culminación"":""7/5/2016"",""Observaciones"":"""",""Otro"":""No tiene expediente""}"
"labor_social","127","Sin cédula","Dayana Matar",,"{""Año"":""2016"",""Estatus"":""No hay registros"",""Nombre y Apellido"":""Dayana Matar"",""Cédula de Identidad"":"""",""Email"":""nawafmatar1955@yahoo.es"",""Teléfono"":""4125840509"",""Fecha de Inducción"":"""",""Colegio / Instituto"":""Tirso de Molina"",""Carrera"":"""",""Fecha de Inicio"":""7/11/2016"",""Fecha de Culminación"":"""",""Observaciones"":"""",""Otro"":""No tiene expediente""}"
"labor_social","128","Sin cédula","Euskarin Verdi",,"{""Año"":""2016"",""Estatus"":""No hay registros"",""Nombre y Apellido"":""Euskarin Verdi"",""Cédula de Identidad"":"""",""Email"":""euskarin30@hotmail.com"",""Teléfono"":""4142165030"",""Fecha de Inducción"":"""",""Colegio / Instituto"":""Tirso de Molina"",""Carrera"":"""",""Fecha de Inicio"":""7/11/2016"",""Fecha de Culminación"":"""",""Observaciones"":"""",""Otro"":""No tiene expediente""}"
"labor_social","184","Sin cédula","Alejandro Díaz",,"{""Año"":""2017"",""Estatus"":""Culminó"",""Nombre y Apellido"":""Alejandro Díaz"",""Cédula de Identidad"":"""",""Email"":""alediazmarcano@hotmail.com"",""Teléfono"":""0426-3052972"",""Fecha de Inducción"":"""",""Colegio / Instituto"":""Teresiano La Castellana"",""Carrera"":"""",""Fecha de Inicio"":""28/3/2017"",""Fecha de Culminación"":"""",""Observaciones"":""Solo hizo 9 horas y luego decidió no seguir por email y en llamada realizada el 19/"
"servicio_comunitario","4","Sin cédula","luisabeth Leon",,"{""Año"":""2016"",""Estatus"":""Culminó"",""Nombre y Apellido"":""luisabeth Leon"",""Cédula de Identidad"":"""",""Email"":""luisabeth-leon@hotmail.com"",""Teléfono"":""4129123970"",""Fecha de Inducción"":"""",""Universidad / Instituto"":""CUECMC"",""Carrera"":""Enfermeria"",""Fecha de Inicio"":""11/4/2016"",""Fecha de Culminación"":""14/5/2016"",""Observaciones"":""""}"
"servicio_comunitario","11","Sin cédula","Geanny Palacios",,"{""Año"":""2016"",""Estatus"":""Culminó"",""Nombre y Apellido"":""Geanny Palacios"",""Cédula de Identidad"":"""",""Email"":""melanie-palacios@hotmail.com"",""Teléfono"":""4141410044"",""Fecha de Inducción"":"""",""Universidad / Instituto"":""CUECMC"",""Carrera"":""Enfermeria"",""Fecha de Inicio"":""25/9/2016"",""Fecha de Culminación"":""6/3/2017"",""Observaciones"":""Estas estudiantes hicieron trampa con las horas pero no se les dijo nada, se "
"servicio_comunitario","32","Sin cédula","Gabriela Delgado",,"{""Año"":""2016"",""Estatus"":""Culminó"",""Nombre y Apellido"":""Gabriela Delgado"",""Cédula de Identidad"":"""",""Email"":""gabbaneko@gmail.com"",""Teléfono"":""4142712955"",""Fecha de Inducción"":"""",""Universidad / Instituto"":""IU Artes Las Mercedes"",""Carrera"":"""",""Fecha de Inicio"":""5/2/2016"",""Fecha de Culminación"":""20/05/16"",""Observaciones"":""""}"
"servicio_comunitario","33","Sin cédula","Ana lucia Dominguez",,"{""Año"":""2016"",""Estatus"":""Culminó"",""Nombre y Apellido"":""Ana lucia Dominguez"",""Cédula de Identidad"":"""",""Email"":""dmngzana@hotmail.com"",""Teléfono"":""4126053614"",""Fecha de Inducción"":"""",""Universidad / Instituto"":""IU Americo Vespucio"",""Carrera"":"""",""Fecha de Inicio"":""3/3/2016"",""Fecha de Culminación"":""27/04/2017"",""Observaciones"":""""}"
"servicio_comunitario","34","Sin cédula","Maria Cedeño",,"{""Año"":""2016"",""Estatus"":""Culminó"",""Nombre y Apellido"":""Maria Cedeño"",""Cédula de Identidad"":"""",""Email"":""mariiandreina278@gmail.com"",""Teléfono"":""4142322312"",""Fecha de Inducción"":"""",""Universidad / Instituto"":""IU Americo Vespucio"",""Carrera"":"""",""Fecha de Inicio"":""3/3/2016"",""Fecha de Culminación"":""27/04/2017"",""Observaciones"":""""}"
"servicio_comunitario","35","Sin cédula","Samuel Ernesto Medina Duran",,"{""Año"":""2016"",""Estatus"":""Culminó"",""Nombre y Apellido"":""Samuel Ernesto Medina Duran"",""Cédula de Identidad"":"""",""Email"":""samygol_23_45@hotmail.com"",""Teléfono"":""4128220374"",""Fecha de Inducción"":"""",""Universidad / Instituto"":""IUNP"",""Carrera"":"""",""Fecha de Inicio"":""23/5/2016"",""Fecha de Culminación"":""18/7/2016"",""Observaciones"":""""}"
"servicio_comunitario","36","Sin cédula","Yanireth Gallardo",,"{""Año"":""2016"",""Estatus"":""Culminó"",""Nombre y Apellido"":""Yanireth Gallardo"",""Cédula de Identidad"":"""",""Email"":""jeckson_99@live.com"",""Teléfono"":""4140218425"",""Fecha de Inducción"":"""",""Universidad / Instituto"":""IUPG"",""Carrera"":"""",""Fecha de Inicio"":""3/3/2016"",""Fecha de Culminación"":""14/3/2016"",""Observaciones"":""""}"
"servicio_comunitario","37","Sin cédula","Maria Guerrero",,"{""Año"":""2016"",""Estatus"":""Culminó"",""Nombre y Apellido"":""Maria Guerrero"",""Cédula de Identidad"":"""",""Email"":""wilsonraz17@gmail.com"",""Teléfono"":""4169011260"",""Fecha de Inducción"":"""",""Universidad / Instituto"":""IUPG"",""Carrera"":"""",""Fecha de Inicio"":""3/3/2016"",""Fecha de Culminación"":""14/3/2016"",""Observaciones"":""""}"
"servicio_comunitario","38","Sin cédula","Yaneth Navarro",,"{""Año"":""2016"",""Estatus"":""Culminó"",""Nombre y Apellido"":""Yaneth Navarro"",""Cédula de Identidad"":"""",""Email"":""luisfrancolf@hotmail.com"",""Teléfono"":""4242255461"",""Fecha de Inducción"":"""",""Universidad / Instituto"":""IUPG"",""Carrera"":"""",""Fecha de Inicio"":""3/3/2016"",""Fecha de Culminación"":""14/3/2016"",""Observaciones"":""""}"
"servicio_comunitario","39","Sin cédula","Yelli Bermudez",,"{""Año"":""2016"",""Estatus"":""Culminó"",""Nombre y Apellido"":""Yelli Bermudez"",""Cédula de Identidad"":"""",""Email"":""jhoseanyelio@gmail.com"",""Teléfono"":""4141615105"",""Fecha de Inducción"":"""",""Universidad / Instituto"":""IUPG"",""Carrera"":"""",""Fecha de Inicio"":""3/3/2016"",""Fecha de Culminación"":""14/3/2016"",""Observaciones"":""""}"
"servicio_comunitario","40","Sin cédula","Octavio Mundarain",,"{""Año"":""2016"",""Estatus"":""Culminó"",""Nombre y Apellido"":""Octavio Mundarain"",""Cédula de Identidad"":"""",""Email"":""mundarainabel25@gmail.com"",""Teléfono"":""4262476120"",""Fecha de Inducción"":"""",""Universidad / Instituto"":""IUPG"",""Carrera"":"""",""Fecha de Inicio"":""3/3/2016"",""Fecha de Culminación"":""14/3/2016"",""Observaciones"":""""}"
"servicio_comunitario","41","Sin cédula","Charito Guerrero",,"{""Año"":""2016"",""Estatus"":""Culminó"",""Nombre y Apellido"":""Charito Guerrero"",""Cédula de Identidad"":"""",""Email"":""pedrohernandez_15@hotmail.com"",""Teléfono"":""04268207606 / 02124715857"",""Fecha de Inducción"":"""",""Universidad / Instituto"":""IUPG"",""Carrera"":"""",""Fecha de Inicio"":""3/3/2016"",""Fecha de Culminación"":""14/3/2016"",""Observaciones"":""""}"
"servicio_comunitario","42","Sin cédula","Jaclyn Velazco",,"{""Año"":""2016"",""Estatus"":""Culminó"",""Nombre y Apellido"":""Jaclyn Velazco"",""Cédula de Identidad"":"""",""Email"":""jeremyalfredo000@gmail.com"",""Teléfono"":""4140240292"",""Fecha de Inducción"":"""",""Universidad / Instituto"":""IUPG"",""Carrera"":"""",""Fecha de Inicio"":""3/3/2016"",""Fecha de Culminación"":""14/3/2016"",""Observaciones"":""""}"
"servicio_comunitario","43","Sin cédula","Dais Murillo",,"{""Año"":""2016"",""Estatus"":""Culminó"",""Nombre y Apellido"":""Dais Murillo"",""Cédula de Identidad"":"""",""Email"":""daydias2107@gmail.com"",""Teléfono"":""4123049642"",""Fecha de Inducción"":"""",""Universidad / Instituto"":""IUPG"",""Carrera"":"""",""Fecha de Inicio"":""3/3/2016"",""Fecha de Culminación"":""14/3/2016"",""Observaciones"":""""}"
"servicio_comunitario","44","Sin cédula","Perla Cardenas",,"{""Año"":""2016"",""Estatus"":""Culminó"",""Nombre y Apellido"":""Perla Cardenas"",""Cédula de Identidad"":"""",""Email"":""enderlyncardenas@hotmail.com"",""Teléfono"":""4268883040"",""Fecha de Inducción"":"""",""Universidad / Instituto"":""IUPG"",""Carrera"":"""",""Fecha de Inicio"":""3/3/2016"",""Fecha de Culminación"":""14/3/2016"",""Observaciones"":""""}"
"servicio_comunitario","45","Sin cédula","Lilia Crespo",,"{""Año"":""2016"",""Estatus"":""Culminó"",""Nombre y Apellido"":""Lilia Crespo"",""Cédula de Identidad"":"""",""Email"":""ara19961@hotmail.com"",""Teléfono"":""4142636536"",""Fecha de Inducción"":"""",""Universidad / Instituto"":""IUPG"",""Carrera"":"""",""Fecha de Inicio"":""3/3/2016"",""Fecha de Culminación"":""14/3/2016"",""Observaciones"":""""}"
"servicio_comunitario","46","Sin cédula","Marianny del Valle Brito",,"{""Año"":""2016"",""Estatus"":""Culminó"",""Nombre y Apellido"":""Marianny del Valle Brito"",""Cédula de Identidad"":"""",""Email"":""mariannydvbrito@gmail.com"",""Teléfono"":""4141376773"",""Fecha de Inducción"":"""",""Universidad / Instituto"":""IUPG"",""Carrera"":"""",""Fecha de Inicio"":""7/4/2016"",""Fecha de Culminación"":""30/6/2016"",""Observaciones"":""""}"
"servicio_comunitario","47","Sin cédula","Nelly De La Cruz",,"{""Año"":""2016"",""Estatus"":""Culminó"",""Nombre y Apellido"":""Nelly De La Cruz"",""Cédula de Identidad"":"""",""Email"":""nellydlc70@gmail.com"",""Teléfono"":""4241428863"",""Fecha de Inducción"":"""",""Universidad / Instituto"":""IUPEL"",""Carrera"":"""",""Fecha de Inicio"":""2/3/2016"",""Fecha de Culminación"":""20/7/2016"",""Observaciones"":""""}"
"servicio_comunitario","48","Sin cédula","Maria Betania Fernandez",,"{""Año"":""2016"",""Estatus"":""Culminó"",""Nombre y Apellido"":""Maria Betania Fernandez"",""Cédula de Identidad"":"""",""Email"":""mariafernandezipc@hotmail.com"",""Teléfono"":""4266116315"",""Fecha de Inducción"":"""",""Universidad / Instituto"":""IUPEL"",""Carrera"":"""",""Fecha de Inicio"":""17/8/2016"",""Fecha de Culminación"":""26/10/2016"",""Observaciones"":""NO HAY CARTA DE CULMINACION EN LOS ARCHIVOS""}"
"servicio_comunitario","49","Sin cédula","Angelica Gomez",,"{""Año"":""2016"",""Estatus"":""Culminó"",""Nombre y Apellido"":""Angelica Gomez"",""Cédula de Identidad"":"""",""Email"":""gomez.angelicaipc@hotmail.com"",""Teléfono"":""4164017887"",""Fecha de Inducción"":"""",""Universidad / Instituto"":""IUPEL"",""Carrera"":"""",""Fecha de Inicio"":""17/8/2016"",""Fecha de Culminación"":""26/10/2016"",""Observaciones"":""NO HAY CARTA DE CULMINACION EN LOS ARCHIVOS""}"
"servicio_comunitario","50","Sin cédula","Jorge Nava",,"{""Año"":""2016"",""Estatus"":""Culminó"",""Nombre y Apellido"":""Jorge Nava"",""Cédula de Identidad"":"""",""Email"":""jorgenava21ipc@gmail.com"",""Teléfono"":"""",""Fecha de Inducción"":"""",""Universidad / Instituto"":""IUPEL"",""Carrera"":"""",""Fecha de Inicio"":""17/8/2016"",""Fecha de Culminación"":""26/10/2016"",""Observaciones"":""NO HAY CARTA DE CULMINACION EN LOS ARCHIVOS""}"
"servicio_comunitario","51","Sin cédula","Katerine Quintero",,"{""Año"":""2016"",""Estatus"":""Culminó"",""Nombre y Apellido"":""Katerine Quintero"",""Cédula de Identidad"":"""",""Email"":""katerinequinteroipc@hotmail.com"",""Teléfono"":""4149246051"",""Fecha de Inducción"":"""",""Universidad / Instituto"":""IUPEL"",""Carrera"":"""",""Fecha de Inicio"":""17/8/2016"",""Fecha de Culminación"":""26/10/2016"",""Observaciones"":""NO HAY CARTA DE CULMINACION EN LOS ARCHIVOS""}"
"servicio_comunitario","52","Sin cédula","Daniela Aponte",,"{""Año"":""2016"",""Estatus"":""Culminó"",""Nombre y Apellido"":""Daniela Aponte"",""Cédula de Identidad"":"""",""Email"":"""",""Teléfono"":""4125720227"",""Fecha de Inducción"":"""",""Universidad / Instituto"":""IUPEL"",""Carrera"":"""",""Fecha de Inicio"":""17/8/2016"",""Fecha de Culminación"":""26/10/2016"",""Observaciones"":""NO HAY CARTA DE CULMINACION EN LOS ARCHIVOS""}"
"servicio_comunitario","53","Sin cédula","Carmen Gudiño",,"{""Año"":""2016"",""Estatus"":""Culminó"",""Nombre y Apellido"":""Carmen Gudiño"",""Cédula de Identidad"":"""",""Email"":""cnathalia2006@hotmail.com"",""Teléfono"":""4141345490"",""Fecha de Inducción"":"""",""Universidad / Instituto"":""IUPEL"",""Carrera"":"""",""Fecha de Inicio"":""17/8/2016"",""Fecha de Culminación"":""26/10/2016"",""Observaciones"":""NO HAY CARTA DE CULMINACION EN LOS ARCHIVOS""}"
"servicio_comunitario","54","Sin cédula","Anuska Hernandez",,"{""Año"":""2016"",""Estatus"":""Culminó"",""Nombre y Apellido"":""Anuska Hernandez"",""Cédula de Identidad"":"""",""Email"":""anuska1910@gmail.com"",""Teléfono"":""4125843523"",""Fecha de Inducción"":"""",""Universidad / Instituto"":""IUPEL"",""Carrera"":"""",""Fecha de Inicio"":""17/8/2016"",""Fecha de Culminación"":""26/10/2016"",""Observaciones"":""NO HAY CARTA DE CULMINACION EN LOS ARCHIVOS""}"
"servicio_comunitario","55","Sin cédula","Ana Miolli",,"{""Año"":""2016"",""Estatus"":""Culminó"",""Nombre y Apellido"":""Ana Miolli"",""Cédula de Identidad"":"""",""Email"":""carinamiolli@gmail.com"",""Teléfono"":""4129881619"",""Fecha de Inducción"":"""",""Universidad / Instituto"":""UNEFA"",""Carrera"":"""",""Fecha de Inicio"":""11/7/2016"",""Fecha de Culminación"":""28/11/2016"",""Observaciones"":""NO HAY CARTA DE CULMINACION EN LOS ARCHIVOS""}"
"servicio_comunitario","56","Sin cédula","Marisol Brea",,"{""Año"":""2016"",""Estatus"":""Culminó"",""Nombre y Apellido"":""Marisol Brea"",""Cédula de Identidad"":"""",""Email"":""marisolbrea.53@gmail.com"",""Teléfono"":""4168309336"",""Fecha de Inducción"":"""",""Universidad / Instituto"":""UNEFA"",""Carrera"":"""",""Fecha de Inicio"":""11/7/2016"",""Fecha de Culminación"":""28/11/2016"",""Observaciones"":""NO HAY CARTA DE CULMINACION EN LOS ARCHIVOS""}"
"servicio_comunitario","57","Sin cédula","Mayerlin Rubiano",,"{""Año"":""2016"",""Estatus"":""Culminó"",""Nombre y Apellido"":""Mayerlin Rubiano"",""Cédula de Identidad"":"""",""Email"":""mayerlinrubiano@gmail.com"",""Teléfono"":""4169971823"",""Fecha de Inducción"":"""",""Universidad / Instituto"":""UNEFA"",""Carrera"":"""",""Fecha de Inicio"":""11/7/2016"",""Fecha de Culminación"":""28/11/2016"",""Observaciones"":""NO HAY CARTA DE CULMINACION EN LOS ARCHIVOS""}"
"servicio_comunitario","58","Sin cédula","Karen Angulo",,"{""Año"":""2016"",""Estatus"":""Culminó"",""Nombre y Apellido"":""Karen Angulo"",""Cédula de Identidad"":"""",""Email"":""karenyuribi@gmail.com"",""Teléfono"":""4143892684"",""Fecha de Inducción"":"""",""Universidad / Instituto"":""UNEFA"",""Carrera"":"""",""Fecha de Inicio"":""11/7/2016"",""Fecha de Culminación"":""28/11/2016"",""Observaciones"":""NO HAY CARTA DE CULMINACION EN LOS ARCHIVOS""}"
"servicio_comunitario","59","Sin cédula","Albany Fernandez",,"{""Año"":""2016"",""Estatus"":""Culminó"",""Nombre y Apellido"":""Albany Fernandez"",""Cédula de Identidad"":"""",""Email"":""fernandezalbany@gmail.com"",""Teléfono"":""4127165116"",""Fecha de Inducción"":"""",""Universidad / Instituto"":""UNIMET"",""Carrera"":"""",""Fecha de Inicio"":"""",""Fecha de Culminación"":"""",""Observaciones"":""""}"
"servicio_comunitario","60","Sin cédula","Alejandra Saavedra",,"{""Año"":""2016"",""Estatus"":""Culminó"",""Nombre y Apellido"":""Alejandra Saavedra"",""Cédula de Identidad"":"""",""Email"":"""",""Teléfono"":""4242180373"",""Fecha de Inducción"":"""",""Universidad / Instituto"":""UNIMET"",""Carrera"":"""",""Fecha de Inicio"":"""",""Fecha de Culminación"":"""",""Observaciones"":""""}"
"servicio_comunitario","61","Sin cédula","Amar Garcia",,"{""Año"":""2016"",""Estatus"":""Culminó"",""Nombre y Apellido"":""Amar Garcia"",""Cédula de Identidad"":"""",""Email"":""amar.garciavasquez@gmail.com"",""Teléfono"":""4242673795"",""Fecha de Inducción"":"""",""Universidad / Instituto"":""UNIMET"",""Carrera"":"""",""Fecha de Inicio"":""5/2/2016"",""Fecha de Culminación"":"""",""Observaciones"":""""}"
"servicio_comunitario","62","Sin cédula","Andrea Pereira",,"{""Año"":""2016"",""Estatus"":""Culminó"",""Nombre y Apellido"":""Andrea Pereira"",""Cédula de Identidad"":"""",""Email"":"""",""Teléfono"":""4142889959"",""Fecha de Inducción"":"""",""Universidad / Instituto"":""UNIMET"",""Carrera"":"""",""Fecha de Inicio"":"""",""Fecha de Culminación"":"""",""Observaciones"":""""}"
"servicio_comunitario","63","Sin cédula","Carlos Arriaga",,"{""Año"":""2016"",""Estatus"":""Culminó"",""Nombre y Apellido"":""Carlos Arriaga"",""Cédula de Identidad"":"""",""Email"":""carlosarriaga93@gmail.com"",""Teléfono"":""4122756728"",""Fecha de Inducción"":"""",""Universidad / Instituto"":""UNIMET"",""Carrera"":"""",""Fecha de Inicio"":"""",""Fecha de Culminación"":"""",""Observaciones"":""""}"
"servicio_comunitario","64","Sin cédula","Gustavo Mijares",,"{""Año"":""2016"",""Estatus"":""Culminó"",""Nombre y Apellido"":""Gustavo Mijares"",""Cédula de Identidad"":"""",""Email"":""gmijares92@gmail.com"",""Teléfono"":""4142757755"",""Fecha de Inducción"":"""",""Universidad / Instituto"":""UNIMET"",""Carrera"":"""",""Fecha de Inicio"":"""",""Fecha de Culminación"":"""",""Observaciones"":""""}"
"servicio_comunitario","65","Sin cédula","Javier Urbano",,"{""Año"":""2016"",""Estatus"":""Culminó"",""Nombre y Apellido"":""Javier Urbano"",""Cédula de Identidad"":"""",""Email"":""ursajavier@outlook.com"",""Teléfono"":""4241385612"",""Fecha de Inducción"":"""",""Universidad / Instituto"":""UNIMET"",""Carrera"":"""",""Fecha de Inicio"":"""",""Fecha de Culminación"":"""",""Observaciones"":""""}"
"servicio_comunitario","66","Sin cédula","Jose Enrique Uztariz",,"{""Año"":""2016"",""Estatus"":""Culminó"",""Nombre y Apellido"":""Jose Enrique Uztariz"",""Cédula de Identidad"":"""",""Email"":""seenrique@hotmail.com"",""Teléfono"":""4142768769"",""Fecha de Inducción"":"""",""Universidad / Instituto"":""UNIMET"",""Carrera"":"""",""Fecha de Inicio"":""5/2/2016"",""Fecha de Culminación"":"""",""Observaciones"":""""}"
"servicio_comunitario","67","Sin cédula","Katherine Mendoza",,"{""Año"":""2016"",""Estatus"":""Culminó"",""Nombre y Apellido"":""Katherine Mendoza"",""Cédula de Identidad"":"""",""Email"":"""",""Teléfono"":""4169063441"",""Fecha de Inducción"":"""",""Universidad / Instituto"":""UNIMET"",""Carrera"":"""",""Fecha de Inicio"":"""",""Fecha de Culminación"":"""",""Observaciones"":""""}"
"servicio_comunitario","68","Sin cédula","Luca Turri",,"{""Año"":""2016"",""Estatus"":""Culminó"",""Nombre y Apellido"":""Luca Turri"",""Cédula de Identidad"":"""",""Email"":""lturri@gmail.com"",""Teléfono"":""4242314710"",""Fecha de Inducción"":"""",""Universidad / Instituto"":""UNIMET"",""Carrera"":"""",""Fecha de Inicio"":""5/2/2016"",""Fecha de Culminación"":"""",""Observaciones"":""""}"
"servicio_comunitario","69","Sin cédula","Ma. Alejandra Vives",,"{""Año"":""2016"",""Estatus"":""Culminó"",""Nombre y Apellido"":""Ma. Alejandra Vives"",""Cédula de Identidad"":"""",""Email"":""magi14@hotmail.com"",""Teléfono"":""4122214001"",""Fecha de Inducción"":"""",""Universidad / Instituto"":""UNIMET"",""Carrera"":"""",""Fecha de Inicio"":"""",""Fecha de Culminación"":"""",""Observaciones"":""""}"
"servicio_comunitario","70","Sin cédula","Ma. Fernanda Mastrocesare",,"{""Año"":""2016"",""Estatus"":""Culminó"",""Nombre y Apellido"":""Ma. Fernanda Mastrocesare"",""Cédula de Identidad"":"""",""Email"":""mafemastracesare@hotmail.com"",""Teléfono"":""4123190892"",""Fecha de Inducción"":"""",""Universidad / Instituto"":""UNIMET"",""Carrera"":"""",""Fecha de Inicio"":""5/2/2016"",""Fecha de Culminación"":"""",""Observaciones"":""""}"
"servicio_comunitario","71","Sin cédula","Maria Rodriguez",,"{""Año"":""2016"",""Estatus"":""Culminó"",""Nombre y Apellido"":""Maria Rodriguez"",""Cédula de Identidad"":"""",""Email"":""maria.bethania.rodriguez@gmail.com"",""Teléfono"":""4241684551"",""Fecha de Inducción"":"""",""Universidad / Instituto"":""UNIMET"",""Carrera"":"""",""Fecha de Inicio"":""5/2/2016"",""Fecha de Culminación"":"""",""Observaciones"":""""}"
"servicio_comunitario","72","Sin cédula","Mariana Elias",,"{""Año"":""2016"",""Estatus"":""Culminó"",""Nombre y Apellido"":""Mariana Elias"",""Cédula de Identidad"":"""",""Email"":"""",""Teléfono"":""4122857119"",""Fecha de Inducción"":"""",""Universidad / Instituto"":""UNIMET"",""Carrera"":"""",""Fecha de Inicio"":"""",""Fecha de Culminación"":"""",""Observaciones"":""""}"
"servicio_comunitario","73","Sin cédula","Omar Betancourt",,"{""Año"":""2016"",""Estatus"":""Culminó"",""Nombre y Apellido"":""Omar Betancourt"",""Cédula de Identidad"":"""",""Email"":""obetancourt07@gmail.com"",""Teléfono"":""4141319810"",""Fecha de Inducción"":"""",""Universidad / Instituto"":""UNIMET"",""Carrera"":"""",""Fecha de Inicio"":""9/5/2016"",""Fecha de Culminación"":"""",""Observaciones"":""""}"
"servicio_comunitario","74","Sin cédula","Sofia Roosen",,"{""Año"":""2016"",""Estatus"":""Culminó"",""Nombre y Apellido"":""Sofia Roosen"",""Cédula de Identidad"":"""",""Email"":"""",""Teléfono"":""4122820883"",""Fecha de Inducción"":"""",""Universidad / Instituto"":""UNIMET"",""Carrera"":"""",""Fecha de Inicio"":""5/2/2016"",""Fecha de Culminación"":"""",""Observaciones"":""""}"
"servicio_comunitario","75","Sin cédula","Valeria Perez",,"{""Año"":""2016"",""Estatus"":""Culminó"",""Nombre y Apellido"":""Valeria Perez"",""Cédula de Identidad"":"""",""Email"":""perezvaleria23@gmail.com"",""Teléfono"":""4129037237"",""Fecha de Inducción"":"""",""Universidad / Instituto"":""UNIMET"",""Carrera"":"""",""Fecha de Inicio"":""5/2/2016"",""Fecha de Culminación"":"""",""Observaciones"":""""}"
"servicio_comunitario","76","Sin cédula","Vanessa Gonzalez",,"{""Año"":""2016"",""Estatus"":""Culminó"",""Nombre y Apellido"":""Vanessa Gonzalez"",""Cédula de Identidad"":"""",""Email"":""vaness210992@gmail.com"",""Teléfono"":""4242667055"",""Fecha de Inducción"":"""",""Universidad / Instituto"":""UNIMET"",""Carrera"":"""",""Fecha de Inicio"":"""",""Fecha de Culminación"":"""",""Observaciones"":""""}"
"servicio_comunitario","77","Sin cédula","Berni Vivas",,"{""Año"":""2016"",""Estatus"":""Culminó"",""Nombre y Apellido"":""Berni Vivas"",""Cédula de Identidad"":"""",""Email"":""berni.vivas@gmail.com"",""Teléfono"":""4241149364"",""Fecha de Inducción"":"""",""Universidad / Instituto"":""UNIMET"",""Carrera"":"""",""Fecha de Inicio"":""3/10/2016"",""Fecha de Culminación"":""30/11/2016"",""Observaciones"":""""}"
"servicio_comunitario","78","Sin cédula","Crisbel Guzman",,"{""Año"":""2016"",""Estatus"":""Culminó"",""Nombre y Apellido"":""Crisbel Guzman"",""Cédula de Identidad"":"""",""Email"":""crisguz1788@gmail.com"",""Teléfono"":""4241776674 /04167185243"",""Fecha de Inducción"":"""",""Universidad / Instituto"":""UNIMET"",""Carrera"":"""",""Fecha de Inicio"":""3/10/2016"",""Fecha de Culminación"":""30/11/2016"",""Observaciones"":""""}"
"servicio_comunitario","79","Sin cédula","Daniel Martinez",,"{""Año"":""2016"",""Estatus"":""Culminó"",""Nombre y Apellido"":""Daniel Martinez"",""Cédula de Identidad"":"""",""Email"":""eldanimartinezg@gmail.com"",""Teléfono"":""4164142574"",""Fecha de Inducción"":"""",""Universidad / Instituto"":""UNIMET"",""Carrera"":"""",""Fecha de Inicio"":""3/10/2016"",""Fecha de Culminación"":""30/11/2016"",""Observaciones"":""""}"
"servicio_comunitario","80","Sin cédula","Daniela Moroder",,"{""Año"":""2016"",""Estatus"":""Culminó"",""Nombre y Apellido"":""Daniela Moroder"",""Cédula de Identidad"":"""",""Email"":""danimoroder@gmail.com"",""Teléfono"":""4242496209"",""Fecha de Inducción"":"""",""Universidad / Instituto"":""UNIMET"",""Carrera"":"""",""Fecha de Inicio"":""3/10/2016"",""Fecha de Culminación"":""30/11/2016"",""Observaciones"":""""}"
"servicio_comunitario","81","Sin cédula","Jesus Petit",,"{""Año"":""2016"",""Estatus"":""Culminó"",""Nombre y Apellido"":""Jesus Petit"",""Cédula de Identidad"":"""",""Email"":""jesuspetit1991@hmail.com"",""Teléfono"":""4142711214"",""Fecha de Inducción"":"""",""Universidad / Instituto"":""UNIMET"",""Carrera"":"""",""Fecha de Inicio"":""3/10/2016"",""Fecha de Culminación"":""30/11/2016"",""Observaciones"":""""}"
"servicio_comunitario","82","Sin cédula","Johana Orozco",,"{""Año"":""2016"",""Estatus"":""Culminó"",""Nombre y Apellido"":""Johana Orozco"",""Cédula de Identidad"":"""",""Email"":""joysorozco@hotmail.com"",""Teléfono"":""4241609800"",""Fecha de Inducción"":"""",""Universidad / Instituto"":""UNIMET"",""Carrera"":"""",""Fecha de Inicio"":""3/10/2016"",""Fecha de Culminación"":""30/11/2016"",""Observaciones"":""""}"
"servicio_comunitario","83","Sin cédula","Ma Fernanda Rodriguez",,"{""Año"":""2016"",""Estatus"":""Culminó"",""Nombre y Apellido"":""Ma Fernanda Rodriguez"",""Cédula de Identidad"":"""",""Email"":""mariafernandarodriguezsalazar@gmail.com"",""Teléfono"":""4140218970"",""Fecha de Inducción"":"""",""Universidad / Instituto"":""UNIMET"",""Carrera"":"""",""Fecha de Inicio"":""3/10/2016"",""Fecha de Culminación"":""30/11/2016"",""Observaciones"":""""}"
"servicio_comunitario","84","Sin cédula","Ma. Patricia Paez",,"{""Año"":""2016"",""Estatus"":""Culminó"",""Nombre y Apellido"":""Ma. Patricia Paez"",""Cédula de Identidad"":"""",""Email"":"""",""Teléfono"":""4122324584"",""Fecha de Inducción"":"""",""Universidad / Instituto"":""UNIMET"",""Carrera"":"""",""Fecha de Inicio"":""3/10/2016"",""Fecha de Culminación"":""30/11/2016"",""Observaciones"":""""}"
"servicio_comunitario","85","Sin cédula","Maria Luisa Iturriaga",,"{""Año"":""2016"",""Estatus"":""Culminó"",""Nombre y Apellido"":""Maria Luisa Iturriaga"",""Cédula de Identidad"":"""",""Email"":""maria.iturriaga@gmail.com"",""Teléfono"":""4242398868"",""Fecha de Inducción"":"""",""Universidad / Instituto"":""UNIMET"",""Carrera"":"""",""Fecha de Inicio"":""3/10/2016"",""Fecha de Culminación"":""30/11/2016"",""Observaciones"":""""}"
"servicio_comunitario","86","Sin cédula","Mariana Martinez",,"{""Año"":""2016"",""Estatus"":""Culminó"",""Nombre y Apellido"":""Mariana Martinez"",""Cédula de Identidad"":"""",""Email"":""mariana.martinez46@gmail.com"",""Teléfono"":""4242815977"",""Fecha de Inducción"":"""",""Universidad / Instituto"":""UNIMET"",""Carrera"":"""",""Fecha de Inicio"":""3/10/2016"",""Fecha de Culminación"":""30/11/2016"",""Observaciones"":""""}"
"servicio_comunitario","87","Sin cédula","Melany Bonive",,"{""Año"":""2016"",""Estatus"":""Culminó"",""Nombre y Apellido"":""Melany Bonive"",""Cédula de Identidad"":"""",""Email"":""mbonive29@gmail.com"",""Teléfono"":""4126286255"",""Fecha de Inducción"":"""",""Universidad / Instituto"":""UNIMET"",""Carrera"":"""",""Fecha de Inicio"":""3/10/2016"",""Fecha de Culminación"":""30/11/2016"",""Observaciones"":""""}"
"servicio_comunitario","88","Sin cédula","Paola Requena",,"{""Año"":""2016"",""Estatus"":""Culminó"",""Nombre y Apellido"":""Paola Requena"",""Cédula de Identidad"":"""",""Email"":""requena.pao@gmail.com"",""Teléfono"":""4122309947"",""Fecha de Inducción"":"""",""Universidad / Instituto"":""UNIMET"",""Carrera"":"""",""Fecha de Inicio"":""3/10/2016"",""Fecha de Culminación"":""30/11/2016"",""Observaciones"":""""}"
"servicio_comunitario","89","Sin cédula","Sarah Odreman",,"{""Año"":""2016"",""Estatus"":""Culminó"",""Nombre y Apellido"":""Sarah Odreman"",""Cédula de Identidad"":"""",""Email"":""odreman.sarah10@gmail.com"",""Teléfono"":""4122638931"",""Fecha de Inducción"":"""",""Universidad / Instituto"":""UNIMET"",""Carrera"":"""",""Fecha de Inicio"":""3/10/2016"",""Fecha de Culminación"":""30/11/2016"",""Observaciones"":""""}"
"servicio_comunitario","90","Sin cédula","Xiomara Bolivar",,"{""Año"":""2016"",""Estatus"":""Culminó"",""Nombre y Apellido"":""Xiomara Bolivar"",""Cédula de Identidad"":"""",""Email"":""xiomara.bolivar@gmail.com"",""Teléfono"":""4241374755"",""Fecha de Inducción"":"""",""Universidad / Instituto"":""UNIMET"",""Carrera"":"""",""Fecha de Inicio"":""3/10/2016"",""Fecha de Culminación"":""30/11/2016"",""Observaciones"":""""}"
"servicio_comunitario","91","Sin cédula","Erika Perdomo",,"{""Año"":""2016"",""Estatus"":""Culminó"",""Nombre y Apellido"":""Erika Perdomo"",""Cédula de Identidad"":"""",""Email"":""01erikaperdomo@gmail.com"",""Teléfono"":""4241966096"",""Fecha de Inducción"":"""",""Universidad / Instituto"":""UCAB"",""Carrera"":"""",""Fecha de Inicio"":""1/4/2016"",""Fecha de Culminación"":"""",""Observaciones"":""""}"
"servicio_comunitario","92","Sin cédula","Geraldine Kabojian",,"{""Año"":""2016"",""Estatus"":""Culminó"",""Nombre y Apellido"":""Geraldine Kabojian"",""Cédula de Identidad"":"""",""Email"":""geraldinekm2@hotmail.com"",""Teléfono"":""4242118555"",""Fecha de Inducción"":"""",""Universidad / Instituto"":""UCAB"",""Carrera"":"""",""Fecha de Inicio"":""2/8/2016"",""Fecha de Culminación"":""4/9/2016"",""Observaciones"":""""}"
"servicio_comunitario","93","Sin cédula","Anddy Moreno",,"{""Año"":""2016"",""Estatus"":""Culminó"",""Nombre y Apellido"":""Anddy Moreno"",""Cédula de Identidad"":"""",""Email"":""gabriellaberbessi@gmail.com"",""Teléfono"":""04128204020/ 02127539756"",""Fecha de Inducción"":"""",""Universidad / Instituto"":""UCV"",""Carrera"":""Comunicación Social"",""Fecha de Inicio"":""5/2/2016"",""Fecha de Culminación"":""24/6/2016"",""Observaciones"":""""}"
"servicio_comunitario","94","Sin cédula","Yarleska Hernandez",,"{""Año"":""2016"",""Estatus"":""Culminó"",""Nombre y Apellido"":""Yarleska Hernandez"",""Cédula de Identidad"":"""",""Email"":""yarlehernandez22@gmail.com"",""Teléfono"":""4241354124"",""Fecha de Inducción"":"""",""Universidad / Instituto"":""UCV"",""Carrera"":""Comunicación Social"",""Fecha de Inicio"":""5/2/2016"",""Fecha de Culminación"":""24/6/2016"",""Observaciones"":""""}"
"servicio_comunitario","95","Sin cédula","Sylvana Lopez",,"{""Año"":""2016"",""Estatus"":""Culminó"",""Nombre y Apellido"":""Sylvana Lopez"",""Cédula de Identidad"":"""",""Email"":""sylviilop@gmail.com"",""Teléfono"":""4166151464"",""Fecha de Inducción"":"""",""Universidad / Instituto"":""UCV"",""Carrera"":""Comunicación Social"",""Fecha de Inicio"":""5/2/2016"",""Fecha de Culminación"":""24/6/2016"",""Observaciones"":""""}"
"servicio_comunitario","96","Sin cédula","Luis Rivas",,"{""Año"":""2016"",""Estatus"":""Culminó"",""Nombre y Apellido"":""Luis Rivas"",""Cédula de Identidad"":"""",""Email"":""luisrrc6@gmail.com"",""Teléfono"":""4241151117"",""Fecha de Inducción"":"""",""Universidad / Instituto"":""UCV"",""Carrera"":""Comunicación Social"",""Fecha de Inicio"":""5/2/2016"",""Fecha de Culminación"":""24/6/2016"",""Observaciones"":""""}"
"servicio_comunitario","97","Sin cédula","Chiquinquira Contreras",,"{""Año"":""2016"",""Estatus"":""Ver observación"",""Nombre y Apellido"":""Chiquinquira Contreras"",""Cédula de Identidad"":"""",""Email"":""shiky14cr@gmail.com"",""Teléfono"":""4142059142"",""Fecha de Inducción"":"""",""Universidad / Instituto"":""ISUM"",""Carrera"":"""",""Fecha de Inicio"":""6/10/2016"",""Fecha de Culminación"":""27/11/2016"",""Observaciones"":""no hay soporte de proyecto ni hay carta de culminacion""}"
"servicio_comunitario","98","Sin cédula","Marisol Gomez",,"{""Año"":""2016"",""Estatus"":""Ver observación"",""Nombre y Apellido"":""Marisol Gomez"",""Cédula de Identidad"":"""",""Email"":""marisolgomezgonzalez@hotmail.com"",""Teléfono"":""4242708826"",""Fecha de Inducción"":"""",""Universidad / Instituto"":""ISUM"",""Carrera"":"""",""Fecha de Inicio"":""6/10/2016"",""Fecha de Culminación"":""27/11/2016"",""Observaciones"":""no hay soporte de proyecto ni hay carta de culminacion""}"
"servicio_comunitario","99","Sin cédula","Maria Maimon",,"{""Año"":""2016"",""Estatus"":""Se Retiró"",""Nombre y Apellido"":""Maria Maimon"",""Cédula de Identidad"":"""",""Email"":""maberoes1211@hotmail.com"",""Teléfono"":""4269107102"",""Fecha de Inducción"":"""",""Universidad / Instituto"":""CUECMC"",""Carrera"":""Enfermeria"",""Fecha de Inicio"":""11/4/2016"",""Fecha de Culminación"":""14/5/2016"",""Observaciones"":""""}"
"servicio_comunitario","102","Sin cédula","Daniela Valentina Certad Rondon",,"{""Año"":""2017"",""Estatus"":""Culminó"",""Nombre y Apellido"":""Daniela Valentina Certad Rondon"",""Cédula de Identidad"":"""",""Email"":""Dani Certad <danicertad@gmail.com>"",""Teléfono"":""04149019115"",""Fecha de Inducción"":"""",""Universidad / Instituto"":""Au Pair"",""Carrera"":"""",""Fecha de Inicio"":""19/12/17"",""Fecha de Culminación"":""9/2/2018"",""Observaciones"":""""}"
"servicio_comunitario","103","Sin cédula","Sarai Monje Lozano",,"{""Año"":""2017"",""Estatus"":""Culminó"",""Nombre y Apellido"":""Sarai Monje Lozano"",""Cédula de Identidad"":"""",""Email"":""smnlozano@gmail.com"",""Teléfono"":""04127238231"",""Fecha de Inducción"":"""",""Universidad / Instituto"":""Au Pair"",""Carrera"":"""",""Fecha de Inicio"":""18/12/17"",""Fecha de Culminación"":""1/31/2018"",""Observaciones"":""""}"
"servicio_comunitario","104","Sin cédula","Grexibell Carolina Hernández Gil",,"{""Año"":""2017"",""Estatus"":""Culminó"",""Nombre y Apellido"":""Grexibell Carolina Hernández Gil"",""Cédula de Identidad"":"""",""Email"":""grexihrnandz@gmail.com"",""Teléfono"":""04143449709"",""Fecha de Inducción"":"""",""Universidad / Instituto"":""AVAA Proexcelencia"",""Carrera"":""Bibliotecología"",""Fecha de Inicio"":""23/4/2017"",""Fecha de Culminación"":""3/2/2019"",""Observaciones"":""iba a iniciar el viernes 17 marzo pero se enferm"
"servicio_comunitario","105","Sin cédula","Valeria prato",,"{""Año"":""2017"",""Estatus"":""Culminó"",""Nombre y Apellido"":""Valeria prato"",""Cédula de Identidad"":"""",""Email"":""valery.prato1997@hotmail.com"",""Teléfono"":""0426-416-53-52"",""Fecha de Inducción"":"""",""Universidad / Instituto"":""AVAA Proexcelencia"",""Carrera"":""Economía"",""Fecha de Inicio"":""7/7/2017"",""Fecha de Culminación"":""28/8/2014"",""Observaciones"":""Culmino su servicio cuminitario con 50 horas  se le entrego carta"
"servicio_comunitario","106","Sin cédula","Diego  D´ignazi De Domenico",,"{""Año"":""2017"",""Estatus"":""Culminó"",""Nombre y Apellido"":""Diego  D´ignazi De Domenico"",""Cédula de Identidad"":"""",""Email"":""dieg-22@hotmail.com"",""Teléfono"":""04142771227"",""Fecha de Inducción"":"""",""Universidad / Instituto"":""Casos Especiales"",""Carrera"":""Ingeniería Mecánica"",""Fecha de Inicio"":""1/8/2017"",""Fecha de Culminación"":""3/8/2017"",""Observaciones"":""Realiza Servicio Comunitario de 18 horas por orden de u"
"servicio_comunitario","118","Sin cédula","Genesis Mato",,"{""Año"":""2017"",""Estatus"":""Culminó"",""Nombre y Apellido"":""Genesis Mato"",""Cédula de Identidad"":"""",""Email"":""gdmh95@gmail.com dayhan_26@hotmail.com"",""Teléfono"":""4129261758"",""Fecha de Inducción"":"""",""Universidad / Instituto"":""CUECMC"",""Carrera"":""Enfermeria"",""Fecha de Inicio"":""3/2/2017"",""Fecha de Culminación"":""18/2/2017"",""Observaciones"":""Carta entregada el 15/03/17""}"
"servicio_comunitario","201","Sin cédula","Jesús Petit",,"{""Año"":""2017"",""Estatus"":""Culminó"",""Nombre y Apellido"":""Jesús Petit"",""Cédula de Identidad"":"""",""Email"":""jesuspetit1991@hmail.com"",""Teléfono"":""0414-2711214"",""Fecha de Inducción"":"""",""Universidad / Instituto"":""UNIMET"",""Carrera"":"""",""Fecha de Inicio"":""27/1/2017"",""Fecha de Culminación"":""finales abril 2017"",""Observaciones"":""Realizó Servicio Comunitario en Octubre 2016""}"
"servicio_comunitario","206","Sin cédula","Oswaldo Delgado",,"{""Año"":""2017"",""Estatus"":""Culminó"",""Nombre y Apellido"":""Oswaldo Delgado"",""Cédula de Identidad"":"""",""Email"":""oswaldodelgado@hotmail.com"",""Teléfono"":""0412-9625953"",""Fecha de Inducción"":"""",""Universidad / Instituto"":""UNIMET"",""Carrera"":"""",""Fecha de Inicio"":""27/1/2017"",""Fecha de Culminación"":""finales abril 2017"",""Observaciones"":""Realizó Servicio Comunitario en Mayo 2016""}"
"servicio_comunitario","216","Sin cédula","Vanessa Cruz",,"{""Año"":""2017"",""Estatus"":""Culminó"",""Nombre y Apellido"":""Vanessa Cruz"",""Cédula de Identidad"":"""",""Email"":""vane_10cr@hotmail.com"",""Teléfono"":""0414-7958299"",""Fecha de Inducción"":"""",""Universidad / Instituto"":""UCAB"",""Carrera"":"""",""Fecha de Inicio"":""13/2/2017"",""Fecha de Culminación"":""6/3/2017"",""Observaciones"":""Estudiantes entraron a través de Erika Pardo""}"
"servicio_comunitario","217","Sin cédula","Edgar Escobar",,"{""Año"":""2017"",""Estatus"":""Culminó"",""Nombre y Apellido"":""Edgar Escobar"",""Cédula de Identidad"":"""",""Email"":""Edgarescobarduncan@hotmail.com"",""Teléfono"":""0424-2067121"",""Fecha de Inducción"":"""",""Universidad / Instituto"":""UCAB"",""Carrera"":"""",""Fecha de Inicio"":""14/2/2017"",""Fecha de Culminación"":""7/3/2017"",""Observaciones"":""Estudiantes entraron a través de Erika Pardo""}"
"servicio_comunitario","218","Sin cédula","Daniela Ponce",,"{""Año"":""2017"",""Estatus"":""Culminó"",""Nombre y Apellido"":""Daniela Ponce"",""Cédula de Identidad"":"""",""Email"":""Daniponce_11@hotmail.com"",""Teléfono"":""0424-2962220"",""Fecha de Inducción"":"""",""Universidad / Instituto"":""UCAB"",""Carrera"":"""",""Fecha de Inicio"":""13/2/2017"",""Fecha de Culminación"":""6/3/2017"",""Observaciones"":""Estudiantes entraron a través de Erika Pardo""}"
"servicio_comunitario","219","Sin cédula","Manuela Isadora Garcia Mendes",,"{""Año"":""2017"",""Estatus"":""Culminó"",""Nombre y Apellido"":""Manuela Isadora Garcia Mendes"",""Cédula de Identidad"":"""",""Email"":""manuelaigm1993@gmail.com"",""Teléfono"":""4124103884"",""Fecha de Inducción"":"""",""Universidad / Instituto"":""UCAB"",""Carrera"":""Comunicación Social"",""Fecha de Inicio"":""21/10/2017"",""Fecha de Culminación"":""30/12/2017"",""Observaciones"":""EstudianTe de Comunicacion Social""}"
"servicio_comunitario","220","Sin cédula","Maria Fernanda Delgado Perez",,"{""Año"":""2017"",""Estatus"":""Culminó"",""Nombre y Apellido"":""Maria Fernanda Delgado Perez"",""Cédula de Identidad"":"""",""Email"":""mariafernandadp2707@gmail.com"",""Teléfono"":""4241923522"",""Fecha de Inducción"":"""",""Universidad / Instituto"":""UCAB"",""Carrera"":""Comunicación Social"",""Fecha de Inicio"":""13/11/2017"",""Fecha de Culminación"":""12/2/2018"",""Observaciones"":""EstudianTe de Comunicacion Social""}"
"servicio_comunitario","226","Sin cédula","Greisy Nathaly del Valle Marcano",,"{""Año"":""2017"",""Estatus"":""Culminó"",""Nombre y Apellido"":""Greisy Nathaly del Valle Marcano"",""Cédula de Identidad"":"""",""Email"":""greynathaly@gmail.com"",""Teléfono"":""4141004814"",""Fecha de Inducción"":"""",""Universidad / Instituto"":""UCV"",""Carrera"":""Comunicación Social"",""Fecha de Inicio"":""2/10/2016"",""Fecha de Culminación"":""9/7/2017"",""Observaciones"":""""}"
"servicio_comunitario","227","Sin cédula","Beatriz Fraile",,"{""Año"":""2017"",""Estatus"":""Culminó"",""Nombre y Apellido"":""Beatriz Fraile"",""Cédula de Identidad"":"""",""Email"":""beafraileo@gmail.com"",""Teléfono"":""4243780281"",""Fecha de Inducción"":"""",""Universidad / Instituto"":""UCV"",""Carrera"":""Comunicación Social"",""Fecha de Inicio"":""2/10/2016"",""Fecha de Culminación"":""9/7/2017"",""Observaciones"":""""}"
"servicio_comunitario","228","Sin cédula","Oscar rodriguez",,"{""Año"":""2017"",""Estatus"":""Culminó"",""Nombre y Apellido"":""Oscar rodriguez"",""Cédula de Identidad"":"""",""Email"":""oscare0108@hotmail.com"",""Teléfono"":""4167043500"",""Fecha de Inducción"":"""",""Universidad / Instituto"":""UCV"",""Carrera"":""Comunicación Social"",""Fecha de Inicio"":""2/10/2016"",""Fecha de Culminación"":""9/7/2017"",""Observaciones"":""""}"
"servicio_comunitario","229","Sin cédula","Cindy Rodriguez",,"{""Año"":""2017"",""Estatus"":""Culminó"",""Nombre y Apellido"":""Cindy Rodriguez"",""Cédula de Identidad"":"""",""Email"":""cinthy107@gmail.com"",""Teléfono"":""4248834688"",""Fecha de Inducción"":"""",""Universidad / Instituto"":""UCV"",""Carrera"":""Comunicación Social"",""Fecha de Inicio"":""2/10/2016"",""Fecha de Culminación"":""9/7/2017"",""Observaciones"":""""}"
"servicio_comunitario","230","Sin cédula","Isabel Quintero",,"{""Año"":""2017"",""Estatus"":""Culminó"",""Nombre y Apellido"":""Isabel Quintero"",""Cédula de Identidad"":"""",""Email"":""ikiquintero_94@hotmail.com"",""Teléfono"":""4140149505"",""Fecha de Inducción"":"""",""Universidad / Instituto"":""UCV"",""Carrera"":""Comunicación Social"",""Fecha de Inicio"":""2/10/2016"",""Fecha de Culminación"":""9/7/2017"",""Observaciones"":""""}"
"servicio_comunitario","231","Sin cédula","Raul Ynojosa",,"{""Año"":""2017"",""Estatus"":""Culminó"",""Nombre y Apellido"":""Raul Ynojosa"",""Cédula de Identidad"":"""",""Email"":""rauleduar7@gmail.com"",""Teléfono"":""2126326984"",""Fecha de Inducción"":"""",""Universidad / Instituto"":""UCV"",""Carrera"":""Comunicación Social"",""Fecha de Inicio"":""2/10/2016"",""Fecha de Culminación"":""9/7/2017"",""Observaciones"":""""}"
"servicio_comunitario","232","Sin cédula","Juan Ignacio Sanoja",,"{""Año"":""2017"",""Estatus"":""Culminó"",""Nombre y Apellido"":""Juan Ignacio Sanoja"",""Cédula de Identidad"":"""",""Email"":""juanignaciosanoja@gmail.com"",""Teléfono"":""4241631212"",""Fecha de Inducción"":"""",""Universidad / Instituto"":""UCV"",""Carrera"":""Comunicación Social"",""Fecha de Inicio"":""2/10/2016"",""Fecha de Culminación"":""9/7/2017"",""Observaciones"":""""}"
"servicio_comunitario","236","Sin cédula","Alianmar Pinedo",,"{""Año"":""2017"",""Estatus"":""Sin Iniciar"",""Nombre y Apellido"":""Alianmar Pinedo"",""Cédula de Identidad"":"""",""Email"":""pinedoalianmar.08@gmail.com"",""Teléfono"":""0424 2659388"",""Fecha de Inducción"":"""",""Universidad / Instituto"":""AVAA Proexcelencia"",""Carrera"":""Economía"",""Fecha de Inicio"":""22/6/2017"",""Fecha de Culminación"":"""",""Observaciones"":""No ha ido ningún día, no ha enviado correo informando la razón de del "
"servicio_comunitario","237","Sin cédula","Laura Contreras",,"{""Año"":""2017"",""Estatus"":""Se Retiró"",""Nombre y Apellido"":""Laura Contreras"",""Cédula de Identidad"":"""",""Email"":""lauravcm30@gmail.com"",""Teléfono"":""04126841943 -0412 1466627"",""Fecha de Inducción"":"""",""Universidad / Instituto"":""UCV"",""Carrera"":""Estudios Internacionales"",""Fecha de Inicio"":""26/09/17"",""Fecha de Culminación"":"""",""Observaciones"":""no ha sido muy constante""}"
"servicio_comunitario","574","Sin cédula","Jiménez Sirgo María Valentina",,"{""Año"":""2019"",""Estatus"":""Sin Iniciar"",""Nombre y Apellido"":""Jiménez Sirgo María Valentina"",""Cédula de Identidad"":"""",""Email"":""jmariavalentina@correo.unimet.edu.ve"",""Teléfono"":"""",""Fecha de Inducción"":"""",""Universidad / Instituto"":""UNIMET"",""Carrera"":"""",""Fecha de Inicio"":""11/5/2019"",""Fecha de Culminación"":"""",""Observaciones"":""""}"