modulo,linea,motivo,nombre,ci
"labor_social","14","Importada sin cédula","Alessandra Russo",""
"labor_social","15","Importada sin cédula","Ana Blanco",""
"labor_social","16","Importada sin cédula","Carlos Pabon",""
"labor_social","17","Importada sin cédula","Daniel Jose Torres Castro",""
"labor_social","18","Importada sin cédula","Hans Grullon",""
"labor_social","19","Importada sin cédula","Ornella Quintero",""
"labor_social","20","Importada sin cédula","Santiago Cona",""
"labor_social","30","Importada sin cédula","Pedro Hernandez",""
"labor_social","55","Importada sin cédula","Alejandro Pose",""
"labor_social","59","Importada sin cédula","Juan Duarte",""
"labor_social","61","Importada sin cédula","Maria Duarte",""
"labor_social","63","Importada sin cédula","Roberto Alvarez",""
"labor_social","64","Importada sin cédula","Rodrigo Casaltorres",""
"labor_social","86","Importada sin cédula","Valentina Varani",""
"labor_social","103","Importada sin cédula","Katherine Rodriguez",""
"labor_social","105","Importada sin cédula","Wilkary Briceño",""
"labor_social","107","Importada sin cédula","Fiorella Guzzo",""
"labor_social","113","Importada sin cédula","Ana Mata",""
"labor_social","154","Importada sin cédula","Alejandro Díaz",""