tipo,clave,nombre,detalle
"sin_cedula","","Alessandra Russo","DEF"
"sin_cedula","","Ana Blanco","DEF"
"sin_cedula","","Carlos Pabon","DEF"
"sin_cedula","","Daniel Jose Torres Castro","DEF"
"sin_cedula","","Hans Grullon","DEF"
"sin_cedula","","Ornella Quintero","DEF"
"sin_cedula","","Santiago Cona","DEF"
"sin_cedula","","Pedro Hernandez","DEF"
"sin_cedula","","Alejandro Pose","DEF"
"sin_cedula","","Juan Duarte","DEF"
"sin_cedula","","Maria Duarte","DEF"
"sin_cedula","","Roberto Alvarez","DEF"
"sin_cedula","","Rodrigo Casaltorres","DEF"
"sin_cedula","","Katherine Rodriguez","DEF"
"sin_cedula","","Wilkary Briceño","DEF"
"sin_cedula","","Fiorella Guzzo","DEF"
"sin_cedula","","Ana Mata","DEF"
"sin_cedula","","Maria Veronica Marquez","DEF"
"sin_cedula","","Mariana Paquin","DEF"
"sin_cedula","","Stanley Bermejo","DEF"
"sin_cedula","","Shantall Ramos","DEF"
"sin_cedula","","Winderly Sarmiento","DEF"
"sin_cedula","","Alejandro Díaz","DEF"
"sin_cedula","","Samantha Raquel Moros Sánchez","DEF"
"sin_cedula","","Sebastian Soto","DEF"
"sin_cedula","","Angelina Quishpi","DEF, 2025:12 de febrero"
"sin_cedula","","Micaela Cuenca","2026:Colegio Sto Domingo De Guzmán"
"sin_cedula","","Camila Labrador","2026:Fray De León"